TIPNR_ID	WIKIDATA_ID
Aaron_Exo.4.14	Q51676
Abagtha_Est.1.10	Q304781
Abda_1Ki.4.6	
Abdeel_Jer.36.26	Q2613514
Abdi_1Ch.6.44	
Abdi_2Ch.29.12	
Abdi_Ezr.10.26	
Abdiel_1Ch.5.15	Q26743342
Abdon_Jdg.12.13	Q308320
Abdon_1Ch.8.23	Q308320
Abdon_1Ch.8.30	Q308320
Abel_Gen.4.2	Q313421
Abi_2Ki.18.2	
Abiah_1Ch.2.24	
Abi-albon_2Sa.23.31	
Abiathar_1Sa.22.20	Q321804
Abida_Gen.25.4	
Abidan_Num.1.11	Q3494535
Abiel_1Sa.9.1	Q16128781
Abiezer_Num.26.30	Q20501924
Abiezer_2Sa.23.27	Q20501924
Abiezer_1Ch.7.18	Q20501924
Abigail_1Sa.25.3	
Abigail_2Sa.17.25	
Abihail_Num.3.35	
Abihail_1Ch.2.29	
Abihail_1Ch.5.14	
Abihail_2Ch.11.18	
Abihail_Est.2.15	
Abihu_Exo.6.23	
Abihud_1Ch.8.3	Q321170
Abijah_1Sa.8.2	
Abijah_1Ki.14.1	
Abijah_1Ki.14.31	
Abijah_1Ch.7.8	
Abijah_1Ch.24.10	
Abijah_Neh.10.7	
Abimael_Gen.10.28	Q14925390
Abimelech_Gen.20.2	
Abimelech_Jdg.8.31	
Abinadab_1Sa.7.1	Q11903854
Abinadab_1Sa.14.49	Q11903854
Abinadab_1Sa.16.8	Q11903854
Abinadab_1Ki.4.11	Q11903854
Abinoam_Jdg.4.6	Q4667882
Abiram_Num.16.1	Q9560907
Abiram_1Ki.16.34	Q9560907
Abishag_1Ki.1.3	Q321469
Abishai_1Sa.26.6	Q1154317
Abishua_1Ch.6.4	
Abishua_1Ch.8.4	
Abishur_1Ch.2.28	Q4667955
Abital_2Sa.3.4	Q33026741
Abitub_1Ch.8.11	
Abiud_Mat.1.13	Q321170
Abner_1Sa.14.50	Q1133337
Abraham_Gen.11.26	Q9181
Absalom_2Sa.3.3	Q205372
Achaicus_1Co.16.17	Q982939
Achan_Jos.7.1	Q1889647
Achbor_Gen.36.38	
Achbor_2Ki.22.12	
Achim_Mat.1.14	
Achish_1Sa.21.10	Q167185
Achsah_Jos.15.16	
Achsah_1Ch.2.49	
Adah_Gen.4.19	Q104901768
Adah_Gen.26.34	Q104901768
Adaiah_2Ki.22.1	
Adaiah_1Ch.8.21	
Adaiah_1Ch.9.12	
Adaiah_2Ch.23.1	
Adaiah_Ezr.10.29	
Adaiah_Ezr.10.39	
Adaiah_Neh.11.5	
Adalia_Est.9.8	
Adam_Gen.2.19	Q70899
Adbeel_Gen.25.13	Q24238724
Addar_1Ch.8.3	
Addi_Luk.3.28	
Adiel_1Ch.4.36	
Adiel_1Ch.9.12	
Adiel_1Ch.27.25	
Adin_Ezr.2.15	
Adin_Neh.10.16	
Adina_1Ch.11.42	
Adino_2Sa.23.8	
Adlai_1Ch.27.29	
Admatha_Est.1.14	
Adna_Ezr.10.30	
Adna_Neh.12.15	
Adnah_1Ch.12.20	
Adnah_2Ch.17.14	
Adoni-bezek_Jdg.1.5	
Adonijah_2Sa.3.4	Q360378
Adonijah_2Ch.17.8	Q360378
Adonijah_Neh.10.16	Q360378
Adonikam_Ezr.2.13	
Adoni-zedek_Jos.10.1	Q2468894
Adoram_2Sa.20.24	Q4057937
Adrammelech_2Ki.17.31	
Adrammelech_2Ki.19.37	
Adriel_1Sa.18.19	Q2825091
Aeneas_Act.9.33	Q3725177
Agabus_Act.11.28	
Agag_Num.24.7	Q390086
Agag_1Sa.15.8	Q390086
Agee_2Sa.23.11	
Agrippa_Act.25.13	
Agur_Pro.30.1	Q398663
Ahab_1Ki.16.28	
Ahab_Jer.29.21	
Aharhel_1Ch.4.8	
Ahasbai_2Sa.23.34	Q8183672
Ahasuerus_Ezr.4.6	
Ahaz_2Ki.15.38	
Ahaz_1Ch.8.35	Q30914
Ahaziah_1Ki.22.40	
Ahaziah_2Ki.8.24	
Ahban_1Ch.2.29	
Aher_1Ch.7.12	
Ahi_1Ch.5.15	
Ahi_1Ch.7.34	
Ahiah_Neh.10.26	
Ahiam_2Sa.23.33	
Ahian_1Ch.7.19	
Ahiezer_Num.1.12	
Ahiezer_1Ch.12.3	
Ahihud_Num.34.27	
Ahihud_1Ch.8.7	
Ahijah_1Ki.4.3	
Ahijah_1Ki.11.29	
Ahijah_1Ki.15.27	
Ahijah_1Ch.2.25	
Ahijah_1Ch.8.7	
Ahijah_1Ch.11.36	
Ahijah_1Ch.26.20	
Ahikam_2Ki.22.12	Q4695108
Ahilud_2Sa.8.16	
Ahimaaz_1Sa.14.50	Q2904547
Ahimaaz_2Sa.15.27	Q2904547
Ahimaaz_1Ki.4.15	Q2904547
Ahiman_Num.13.22	
Ahiman_1Ch.9.17	
Ahimelech_1Sa.14.3	
Ahimelech_1Sa.26.6	
Ahimelech_2Sa.8.17	
Ahimoth_1Ch.6.25	
Ahinadab_1Ki.4.14	
Ahinoam_1Sa.14.50	Q400266
Ahinoam_1Sa.25.43	Q400266
Ahio_2Sa.6.3	
Ahio_1Ch.8.14	
Ahio_1Ch.8.31	
Ahira_Num.1.15	
Ahiram_Num.26.38	
Ahisamach_Exo.31.6	
Ahishahar_1Ch.7.10	
Ahishar_1Ki.4.6	
Ahithophel_2Sa.15.12	
Ahitub_1Sa.14.3	Q4695144
Ahitub_2Sa.8.17	Q4695144
Ahitub_1Ch.6.11	Q4695144
Ahlai_1Ch.2.31	
Ahlai_1Ch.11.41	
Ahohi_2Sa.23.9	
Ahumai_1Ch.4.2	
Ahuzzam_1Ch.4.6	
Ahuzzath_Gen.26.26	
Aiah_Gen.36.24	
Aiah_2Sa.3.7	
Akan_Gen.36.27	
Akkub_1Ch.3.24	
Akkub_1Ch.9.17	
Akkub_Ezr.2.45	
Akkub_Neh.8.7	
Alemeth_1Ch.7.8	
Alemeth_1Ch.8.36	
Alexander_Mrk.15.21	
Alexander_Act.4.6	
Alexander_Act.19.33	
Alexander_1Ti.1.20	
Allon_1Ch.4.37	
Almodad_Gen.10.26	Q2905798
Alphaeus_Mat.10.3	
Alphaeus_Mrk.2.14	
Alvah_Gen.36.40	
Alvan_Gen.36.23	
Amal_1Ch.7.35	
Amalek_Gen.36.12	Q372091
Amariah_1Ch.6.7	
Amariah_1Ch.6.11	
Amariah_1Ch.23.19	
Amariah_2Ch.19.11	
Amariah_2Ch.31.15	
Amariah_Ezr.10.42	
Amariah_Neh.10.3	
Amariah_Neh.11.4	
Amariah_Zep.1.1	
Amasa_2Sa.17.25	Q2689456
Amasa_2Ch.28.12	Q2689456
Amasai_1Ch.6.25	
Amasai_1Ch.12.18	
Amasai_1Ch.15.24	
Amasai_2Ch.29.12	
Amasiah_2Ch.17.16	
Amaziah_2Ki.12.21	
Amaziah_1Ch.4.34	
Amaziah_1Ch.6.45	
Amaziah_Amo.7.10	
Ami_Ezr.2.57	
Amittai_2Ki.14.25	Q4746955
Ammiel_Num.13.12	
Ammiel_2Sa.9.4	
Ammiel_1Ch.26.5	
Ammihud_Num.1.10	Q85852675
Ammihud_Num.34.20	Q85852675
Ammihud_Num.34.28	Q85852675
Ammihud_2Sa.13.37	
Ammihud_1Ch.9.4	Q85852675
Amminadab_Exo.6.23	
Amminadab_1Ch.15.10	Q2038223
Amminadib_Sng.6.12	
Ammishaddai_Num.1.12	
Ammizabad_1Ch.27.6	
Amnon_2Sa.3.2	Q361636
Amnon_1Ch.4.20	Q361636
Amok_Neh.12.7	
Amon_1Ki.22.26	Q313423
Amon_2Ki.21.18	Q313423
Amorite_Gen.10.16	
Amos_Luk.3.25	Q213850
Amos_Amo.1.1	Q213850
Amoz_2Ki.19.2	Q4748020
Ampliatus_Rom.16.8	
Amram_Exo.6.18	Q477527
Amram_Ezr.10.34	Q477527
Amraphel_Gen.14.1	Q2844493
Amzi_1Ch.6.46	
Amzi_Neh.11.12	
Anah_Gen.36.2	
Anah_Gen.36.20	
Anah_Gen.36.24	
Anaiah_Neh.8.4	
Anaiah_Neh.10.22	
Anak_Num.13.22	Q1812268
Anamim_Gen.10.13	Q3294442
Anammelech_2Ki.17.31	
Anan_Neh.10.26	
Anani_1Ch.3.24	
Ananiah_Neh.3.23	
Ananias_Act.5.1	Q37946276
Ananias_Act.9.10	Q37946276
Ananias_Act.23.2	Q37946276
Anath_Jdg.3.31	
Anathoth_1Ch.7.8	
Anathoth_Neh.10.19	
Andrew_Mat.4.18	Q43399
Andronicus_Rom.16.7	
Aner_Gen.14.13	
Aniam_1Ch.7.19	
Anna_Luk.2.36	
Annas_Luk.3.2	
Anthothijah_1Ch.8.24	
Antipas_Rev.2.13	
Anub_1Ch.4.8	
Apelles_Rom.16.10	Q618161
Aphiah_1Sa.9.1	
Apollos_Act.18.24	
Appaim_1Ch.2.30	
Apphia_Phm.1.2	
Aquila_Act.18.2	Q46512139
Ara_1Ch.7.38	
Arad_1Ch.8.15	
Arah_1Ch.7.39	Q9158805
Arah_Ezr.2.5	Q9158805
Arah_Neh.6.18	Q9158805
Aram_Gen.10.22	
Aram_Gen.22.21	
Aram_1Ch.7.34	
Aramitess_1Ch.7.14	
Aran_Gen.36.28	
Arba_Jos.14.15	
Archelaus_Mat.2.22	
Archippus_Col.4.17	Q468856
Archite_Jos.16.2	
Ard_Gen.46.21	
Ard_Num.26.40	
Ardon_1Ch.2.18	
Areli_Gen.46.16	
Aretas_2Co.11.32	
Argob_2Ki.15.25	
Aridai_Est.9.9	
Aridatha_Est.9.8	
Arieh_2Ki.15.25	
Ariel_Ezr.8.16	
Arioch_Gen.14.1	Q2712606
Arioch_Dan.2.14	Q2712606
Arisai_Est.9.9	
Aristarchus_Act.19.29	
Aristobulus_Rom.16.10	
Arkite_Gen.10.17	
Armoni_2Sa.21.8	Q40326679
Arnan_1Ch.3.21	
Arodi_Gen.46.16	
Arpachshad_Gen.10.22	
Artaxerxes_Ezr.6.14	
Artaxerxes_Ezr.4.7	
Artemas_Tit.3.12	
Arvadite_Gen.10.18	
Arza_1Ki.16.9	
Asa_1Ki.15.8	Q313415
Asa_1Ch.9.16	Q313415
Asahel_2Sa.2.18	
Asahel_2Ch.17.8	
Asahel_2Ch.31.13	
Asahel_Ezr.10.15	
Asaiah_2Ki.22.12	
Asaiah_1Ch.4.36	
Asaiah_1Ch.6.30	
Asaiah_1Ch.9.5	
Asaiah_1Ch.15.6	
Asaph_2Ki.18.18	Q43280403
Asaph_1Ch.6.39	Q43280403
Asaph_1Ch.9.15	Q43280403
Asaph_Neh.2.8	Q43280403
Asarel_1Ch.4.16	
Asenath_Gen.41.45	Q723681
Asharelah_1Ch.25.2	
Ashbel_Gen.46.21	Q85852737
Asher_Gen.30.13	
Ashhur_1Ch.2.24	
Ashkenaz_Gen.10.3	
Ashpenaz_Dan.1.3	Q110844406
Ashtoreth_1Ki.11.5	
Ashvath_1Ch.7.33	
Asiel_1Ch.4.35	
Asnah_Ezr.2.50	
Aspatha_Est.9.7	
Asriel_Num.26.31	
Asriel_1Ch.7.14	
Asshur_Gen.10.22	
Asshurim_Gen.25.3	
Assir_Exo.6.24	
Assir_1Ch.6.23	
Asyncritus_Rom.16.14	Q752778
Atarah_1Ch.2.26	
Ater_Ezr.2.16	
Ater_Ezr.2.42	
Ater_Neh.10.17	
Athaiah_Neh.11.4	
Athaliah_2Ki.8.26	Q463934
Athaliah_1Ch.8.26	Q463934
Athaliah_Ezr.8.7	Q463934
Athlai_Ezr.10.28	
Attai_1Ch.2.35	
Attai_1Ch.12.11	
Attai_2Ch.11.20	
Augustus_Luk.2.1	
Avvim_Deu.2.23	
Azaliah_2Ki.22.3	
Azaniah_Neh.10.9	
Azarel_1Ch.12.6	
Azarel_1Ch.27.22	
Azarel_Ezr.10.41	
Azarel_Neh.12.36	
Azariah_1Ki.4.2	Q313216
Azariah_1Ki.4.5	Q313216
Azariah_1Ch.2.8	Q313216
Azariah_1Ch.2.38	Q313216
Azariah_1Ch.6.10	Q313216
Azariah_1Ch.6.13	Q313216
Azariah_2Ch.15.1	Q313216
Azariah_2Ch.26.17	Q313216
Azariah_2Ch.28.12	Q313216
Azariah_2Ch.31.10	Q313216
Azariah_2Ch.21.2a	Q313216
Azariah_2Ch.21.2b	
Azariah_2Ch.23.1a	Q313216
Azariah_2Ch.23.1b	Q313216
Azariah_2Ch.29.12a	Q313216
Azariah_2Ch.29.12b	Q313216
Azariah_Neh.3.23	Q313216
Azariah_Neh.7.7	Q313216
Azariah_Neh.8.7	Q313216
Azariah_Dan.1.6	Q313216
Azaz_1Ch.5.8	
Azaziah_1Ch.15.21	
Azaziah_1Ch.27.20	
Azaziah_2Ch.31.13	
Azbuk_Neh.3.16	
Azel_1Ch.8.37	
Azgad_Ezr.2.12	
Azgad_Neh.10.15	
Aziza_Ezr.10.27	
Azmaveth_2Sa.23.31	
Azmaveth_1Ch.8.36	
Azmaveth_1Ch.12.3	
Azmaveth_1Ch.27.25	
Azor_Mat.1.13	Q11907447
Azriel_1Ch.5.24	
Azriel_1Ch.27.19	
Azriel_Jer.36.26	
Azrikam_1Ch.3.23	
Azrikam_1Ch.8.38	
Azrikam_1Ch.9.14	
Azrikam_2Ch.28.7	
Azubah_1Ki.22.42	Q4833002
Azubah_1Ch.2.18	Q4833002
Azzan_Num.34.26	
Azzur_Neh.10.17	
Azzur_Jer.28.1	
Azzur_Ezk.11.1	
Baal_1Ch.8.30	
Baal_1Ch.5.5	
Baal-hanan_Gen.36.38	
Baal-hanan_1Ch.27.28	
Baalis_Jer.40.14	
Baal-zebub_2Ki.1.2	
Baana_1Ki.4.12	
Baana_1Ki.4.16	
Baana_Neh.3.4	
Baanah_2Sa.4.2	
Baanah_2Sa.23.29	
Baanah_Ezr.2.2	
Baanah_Neh.10.27	
Baara_1Ch.8.8	
Baaseiah_1Ch.6.40	
Baasha_1Ki.15.16	Q313224
Bakbakkar_1Ch.9.15	
Bakbuk_Ezr.2.51	
Bakbukiah_Neh.11.17	
Balaam_Num.22.5	Q574641
Baladan_2Ki.20.12	
Balak_Num.22.2	
Bani_Ezr.2.10	
Bani_2Sa.23.36	
Bani_1Ch.6.46	
Bani_1Ch.9.4	
Bani_Ezr.10.34	
Bani_Ezr.10.38	
Bani_Neh.3.17	
Bani_Neh.8.7	
Bani_Neh.10.14	
Bani_Neh.11.22	
Bani_Neh.9.4b	
Barabbas_Mat.27.16	Q313417
Barachel_Job.32.2	
Barak_Jdg.4.6	Q807236
Bariah_1Ch.3.22	
Bar-jesus_Act.13.6	
Barkos_Ezr.2.53	
Barnabas_Act.4.36	
Bartholomew_Mat.10.3	Q43982
Bartimaeus_Mrk.10.46	Q809440
Baruch_Neh.3.20	Q599907
Baruch_Neh.10.6	Q599907
Baruch_Neh.11.5	Q599907
Baruch_Jer.32.12	Q599907
Barzillai_2Sa.17.27	
Barzillai_2Sa.21.8	
Barzillai_Ezr.2.61	
Basemath_1Ki.4.15	
Bathsheba_2Sa.11.3	Q272277
Bath-shua_Gen.38.2	
Bazluth_Ezr.2.52	
Bealiah_1Ch.12.5	
Bebai_Ezr.2.11	
Bebai_Ezr.8.11b	
Bebai_Neh.10.15	
Becher_Gen.46.21	
Becher_Num.26.35	
Becorath_1Sa.9.1	
Bedad_Gen.36.35	
Bedan_1Ch.7.17	
Bedeiah_Ezr.10.35	
Beera_1Ch.7.37	
Beerah_1Ch.5.6	
Beeri_Gen.26.34	
Beeri_Hos.1.1	
Bela_Gen.46.21	
Bela_Gen.36.32	Q22018139
Bela_1Ch.5.8	Q22018139
Belshazzar_Dan.5.1	Q225198
Ben_1Ch.15.18	
Ben-abinadab_1Ki.4.11	
Benaiah_2Sa.8.18	Q816667
Benaiah_2Sa.23.30	Q816667
Benaiah_1Ch.4.36	Q816667
Benaiah_1Ch.15.18	Q816667
Benaiah_1Ch.27.34	Q816667
Benaiah_2Ch.20.14	Q816667
Benaiah_2Ch.31.13	Q816667
Benaiah_Ezr.10.25	Q816667
Benaiah_Ezr.10.30	Q816667
Benaiah_Ezr.10.35	Q816667
Benaiah_Ezr.10.43	Q816667
Benaiah_Ezk.11.1	Q816667
Ben-ammi_Gen.19.38	Q9168580
Ben-deker_1Ki.4.9	
Ben-geber_1Ki.4.13	
Ben-hadad_1Ki.15.18	
Ben-hadad_2Ki.6.24	
Ben-hadad_2Ki.13.3	
Ben-hail_2Ch.17.7	
Ben-hanan_1Ch.4.20	
Ben-hesed_1Ki.4.10	
Ben-hur_1Ki.4.8	
Beninu_Neh.10.13	
Benjamin_Gen.35.18	Q460763
Benjamin_1Ch.7.10	Q460763
Benjamin_Ezr.10.32	Q460763
Benjamin_Neh.3.23	Q460763
Benjamin_Neh.12.34	Q460763
Beno_1Ch.24.26	
Ben-zoheth_1Ch.4.20	
Beor_Gen.36.32	
Beor_Num.22.5	
Bera_Gen.14.2	Q4890957
Beracah_1Ch.12.3	
Beraiah_1Ch.8.21	
Berechiah_1Ch.3.20	
Berechiah_1Ch.6.39	
Berechiah_1Ch.9.16	
Berechiah_2Ch.28.12	
Berechiah_Neh.3.4	
Berechiah_Zec.1.1	
Bered_1Ch.7.20	
Beri_1Ch.7.36	
Beriah_Gen.46.17	Q106777531
Beriah_1Ch.7.23	Q106777531
Beriah_1Ch.8.13	Q106777531
Beriah_1Ch.23.10	Q106777531
Bernice_Act.25.13	
Besai_Ezr.2.49	
Besodeiah_Neh.3.6	
Beth-rapha_1Ch.4.12	
Bethuel_Gen.22.22	Q1579827
Bavvai_Neh.3.18	
Bezai_Ezr.2.17	
Bezai_Neh.10.18	
Bezalel_Exo.31.2	
Bezalel_Ezr.10.30	
Bezer_1Ch.7.37	
Bichri_2Sa.20.1	
Bidkar_2Ki.9.25	
Bigtha_Est.1.10	
Bigthan_Est.2.21	
Bigvai_Ezr.2.2	
Bigvai_Ezr.2.14	
Bigvai_Neh.10.16	
Bildad_Job.2.11	Q2776374
Bilgah_1Ch.24.14	
Bilgah_Neh.10.8	
Bilhah_Gen.29.29	Q794991
Bilhan_Gen.36.27	
Bilhan_1Ch.7.10	
Bilshan_Ezr.2.2	Q1136380
Bimhal_1Ch.7.33	
Binea_1Ch.8.37	
Binnui_Ezr.8.33	
Binnui_Ezr.10.30	
Binnui_Ezr.10.38	
Binnui_Neh.3.24	
Birsha_Gen.14.2	Q106079868
Birzaith_1Ch.7.31	
Bishlam_Ezr.4.7	
Bithiah_1Ch.4.18	Q1873244
Biztha_Est.1.10	
Blastus_Act.12.20	Q33100712
Boaz_Rut.2.1	
Bocheru_1Ch.8.38	
Bohan_Jos.15.6	
Bukki_Num.34.22	
Bukki_1Ch.6.5	
Bukkiah_1Ch.25.4	
Bunah_1Ch.2.25	Q4997414
Bunni_Neh.9.4	
Bunni_Neh.10.15	
Bunni_Neh.11.15	
Buz_Gen.22.21	
Buz_1Ch.5.14	
Buzi_Ezk.1.3	
Buzite_Job.32.2	
Caiaphas_Mat.26.3	Q211246
Cain_Gen.4.1	Q205365
Cainan_Luk.3.36	Q844433
Kenan_Gen.5.9	
Calcol_1Ki.4.31	
Calcol_1Ch.2.6	
Caleb_Num.13.6	Q922184
Caleb_1Ch.2.9	Q922184
Canaan_Gen.9.18	Q204797
Canaanite_woman_Gen.46.10	Q106128900
Caphtorim_Gen.10.14	Q1728546
Carkas_Est.1.10	
Carmi_Gen.46.9	
Carmi_Jos.7.1	
Carpus_2Ti.4.13	
Carshena_Est.1.14	
Casluhim_Gen.10.14	
Chedorlaomer_Gen.14.1	Q2118973
Chelal_Ezr.10.30	
Chelub_1Ch.4.11	
Chelub_1Ch.27.26	
Cheluhi_Ezr.10.35	
Chenaanah_1Ki.22.11	
Chenaanah_1Ch.7.10	
Chenani_Neh.9.4	
Chenaniah_1Ch.15.22	
Cheran_Gen.36.26	
Cherethite_1Sa.30.14	
Cherethite_2Sa.8.18	
Chesed_Gen.22.22	
Chileab_2Sa.3.3	Q2418113
Chilion_Rut.1.2	
Chimham_2Sa.19.37	
Chislon_Num.34.21	
Chloe_1Co.1.11	Q1075381
Chuza_Luk.8.3	Q106079959
Claudia_2Ti.4.21	
Claudius_Act.11.28	
Clement_Php.4.3	
Cleopas_Luk.24.18	
Col-hozeh_Neh.3.15	
Col-hozeh_Neh.11.5	
Conaniah_2Ch.31.12	
Cornelius_Act.10.1	Q435987
Cosam_Luk.3.28	
Cozbi_Num.25.15	
Crescens_2Ti.4.10	
Crispus_Act.18.8	Q1140217
Cush_Psa.7.1	Q1138595
Cush_Gen.10.6	Q1138595
Cushan-rishathaim_Jdg.3.8	
Cushi_Zep.1.1	
Cushi_Jer.36.14	
Cyrus_2Ch.36.22	
Dalphon_Est.9.7	
Damaris_Act.17.34	Q466687
Dan_Gen.30.6	Q550869
Daniel_Ezr.8.2	Q171724
Daniel_Ezk.14.14	Q171724
Dara_1Ch.2.6	
Darda_1Ki.4.31	
Darius_Neh.12.22	Q603176
Darius_Ezr.4.5	Q603176
Darius_Dan.5.31	Q603176
Darkon_Ezr.2.56	
Dathan_Num.16.1	Q2238834
David_Rut.4.17	Q41370
Debir_Jos.10.3	Q106080007
Deborah_Gen.35.8	
Deborah_Jdg.4.4	
Dedan_Gen.10.7	
Dedan_Gen.25.3	
Dehavite_Ezr.4.9	
Deker_1Ki.4.9	
Delaiah_1Ch.3.24	
Delaiah_1Ch.24.18	
Delaiah_Ezr.2.60	
Delaiah_Neh.6.10	
Delaiah_Jer.36.12	
Delilah_Jdg.16.4	Q937827
Demas_Col.4.14	Q1185201
Demetrius_Act.19.24	
Deuel_Num.1.14	
Artemis_Act.19.24	
Diblaim_Hos.1.3	
Dibri_Lev.24.11	
Diklah_Gen.10.27	
Dinah_Gen.30.21	Q122035
Dinaite_Ezr.4.9	
Dionysius_Act.17.34	
Diotrephes_3Jn.1.9	Q659399
Dishan_Gen.36.21	
Dishon_Gen.36.21	
Dishon_Gen.36.25	
Dodanim_Gen.10.4	
Dodavahu_2Ch.20.37	
Dodo_Jdg.10.1	
Dodo_2Sa.23.9	
Dodo_2Sa.23.24	
Doeg_1Sa.21.7	Q1234538
Drusilla_Act.24.24	
Dumah_Gen.25.14	Q5313606
Ebal_Gen.36.23	
Ebed_Jdg.9.26	
Ebed_Ezr.8.6	
Ebed-melech_Jer.38.7	
Eber_Gen.10.21	
Eber_1Ch.5.13	
Eber_1Ch.8.12	Q502282
Eber_1Ch.8.22	
Eber_Neh.12.20	Q502282
Ebiasaph_Exo.6.24	
Eden_2Ch.29.12	
Eden_2Ch.31.15	
Eder_1Ch.8.15	
Eder_1Ch.23.23	
Eglah_2Sa.3.5	Q12630462
Eglon_Jdg.3.12	Q2662239
Egypt_Gen.10.6	
Ehi_Gen.46.21	
Ehud_Jdg.3.15	Q1300996
Ehud_1Ch.7.10	Q1300996
Eker_1Ch.2.27	
Ela_1Ki.4.18	
Eleadah_1Ch.7.20	
Elah_Gen.36.41	Q319020
Elah_1Ki.16.6	Q319020
Elah_2Ki.15.30	Q319020
Elah_1Ch.4.15	Q319020
Elah_1Ch.9.8	Q319020
Elam_Ezr.2.7	Q1147704
Elam_Gen.10.22	Q1147704
Elam_1Ch.8.24	Q1147704
Elam_1Ch.26.3	Q1147704
Elam_Neh.10.14	Q1147704
Elam_Neh.12.42	Q1147704
Elasah_Ezr.10.22	
Elasah_Jer.29.3	
Eldaah_Gen.25.4	
Eldad_Num.11.26	Q56473842
Elead_1Ch.7.21	
Eleasah_1Ch.2.39	
Eleasah_1Ch.8.37	
Eleazar_Mat.1.15	
Eleazar_Exo.6.23	
Eleazar_1Sa.7.1	
Eleazar_2Sa.23.9	
Eleazar_1Ch.23.21	
Eleazar_Ezr.8.33	
Eleazar_Ezr.10.25	
Eleazar_Neh.12.42	
Elhanan_2Sa.21.19	Q5410951
Elhanan_2Sa.23.24	Q5410951
Eli_1Sa.1.3	Q362021
Eliab_Num.1.9	
Eliab_Num.16.1	
Eliab_1Sa.16.6	
Eliab_1Ch.12.9	
Eliab_1Ch.15.18	
Eliada_2Sa.5.16	Q9252681
Eliada_1Ki.11.23	
Eliada_2Ch.17.17	Q9252681
Eliahba_2Sa.23.32	
Eliakim_Mat.1.13	
Eliakim_Luk.3.30	
Eliakim_2Ki.18.18	
Eliakim_Neh.12.41	
Eliam_2Sa.11.3	
Eliam_2Sa.23.34	
Eliasaph_Num.1.14	
Eliasaph_Num.3.24	
Eliashib_1Ch.3.24	
Eliashib_1Ch.24.12	
Eliashib_Ezr.10.6	
Eliashib_Ezr.10.24	
Eliashib_Ezr.10.27	
Eliashib_Ezr.10.36	
Eliashib_Neh.3.1	
Eliashib_Neh.12.10	
Eliashib_Neh.13.4	
Eliathah_1Ch.25.4	
Elidad_Num.34.21	
Eliehoenai_1Ch.26.3	
Eliehoenai_Ezr.8.4	
Eliel_1Ch.5.24	
Eliel_1Ch.8.20	
Eliel_1Ch.8.22	
Eliel_1Ch.11.46	
Eliel_1Ch.11.47	
Eliel_1Ch.12.11	
Eliel_1Ch.15.9	
Eliel_2Ch.31.13	
Elienai_1Ch.8.20	
Eliezer_Luk.3.29	
Eliezer_Gen.15.2	
Eliezer_Exo.18.4	
Eliezer_1Ch.7.8	
Eliezer_1Ch.15.24	
Eliezer_1Ch.27.16	
Eliezer_2Ch.20.37	
Eliezer_Ezr.8.16	
Eliezer_Ezr.10.18	
Eliezer_Ezr.10.23	
Eliezer_Ezr.10.31	
Elihoreph_1Ki.4.3	
Elihu_1Sa.1.1	Q471388
Elihu_1Ch.12.20	Q471388
Elihu_1Ch.26.7	Q471388
Elihu_1Ch.27.18	Q471388
Elihu_Job.32.2	Q471388
Elijah_1Ki.17.1	
Elijah_1Ch.8.27	
Elijah_Ezr.10.21	Q133507
Elijah_Ezr.10.26	
Elika_2Sa.23.25	
Elimelech_Rut.1.2	
Elioenai_1Ch.3.23	
Elioenai_1Ch.4.36	
Elioenai_1Ch.7.8	
Elioenai_Ezr.10.22	
Elioenai_Ezr.10.27	
Elioenai_Neh.12.41	
Eliphal_1Ch.11.35	
Eliphaz_Gen.36.4	
Eliphaz_Job.2.11	
Eliphelehu_1Ch.15.18	
Eliphelet_2Sa.5.16	
Eliphelet_2Sa.23.34	
Eliphelet_1Ch.3.6	
Eliphelet_1Ch.8.39	
Eliphelet_Ezr.8.13	
Eliphelet_Ezr.10.33	
Elisha_1Ki.19.16	
Elishah_Gen.10.4	Q1330627
Elishama_Num.1.10	Q10271944
Elishama_2Sa.5.16	Q10271944
Elishama_2Ki.25.25	Q10271944
Elishama_1Ch.2.41	Q10271944
Elishama_2Ch.17.8	Q10271944
Elishama_Jer.36.12	Q10271944
Elishaphat_2Ch.23.1	
Elisheba_Exo.6.23	Q2916801
Elishua_2Sa.5.15	
Eliud_Mat.1.14	Q18699272
Elizabeth_Luk.1.5	
Elizaphan_Exo.6.22	
Elizaphan_Num.34.25	
Elizur_Num.1.5	
Elkanah_Exo.6.24	Q2424977
Elkanah_1Sa.1.1	Q2424977
Elkanah_1Ch.6.25	Q2424977
Elkanah_1Ch.6.26	Q2424977
Elkanah_1Ch.9.16	Q2424977
Elkanah_1Ch.12.6	Q2424977
Elkanah_1Ch.15.23	Q2424977
Elkanah_2Ch.28.7	Q2424977
Elmadam_Luk.3.28	
Elnaam_1Ch.11.46	
Elnathan_2Ki.24.8	Q109023366
Elnathan_Ezr.8.16a	Q109023366
Elnathan_Ezr.8.16b	Q109023366
Elnathan_Ezr.8.16c	Q109023366
Elnathan_Jer.26.22	Q109023366
Elon_Gen.26.34	
Elon_Gen.46.14	
Elon_Jdg.12.11	
Elpaal_1Ch.8.11	
Eluzai_1Ch.12.5	
Elzabad_1Ch.12.12	
Elzabad_1Ch.26.7	
Emim_Gen.14.5	
Enan_Num.1.15	
Enoch_Gen.4.17	
Enoch_Gen.5.18	
Enosh_Gen.4.26	
Epaenetus_Rom.16.5	
Epaphras_Col.1.7	Q953527
Epaphroditus_Php.2.25	
Ephah_Gen.25.4	
Ephah_1Ch.2.46	
Ephah_1Ch.2.47	
Ephai_Jer.40.8	
Epher_Gen.25.4	Q5382171
Epher_1Ch.4.17	Q5382171
Epher_1Ch.5.24	Q5382171
Ephlal_1Ch.2.37	
Ephod_Num.34.23	
Ephraim_Gen.41.52	Q203251
Ephrathah_1Ch.2.19	
Ephron_Gen.23.8	Q6775384
Er_Luk.3.28	Q1347943
Er_Gen.38.3	Q1347943
Er_1Ch.4.21	Q1347943
Eran_Num.26.36	
Erastus_Act.19.22	Q1348146
Eri_Gen.46.16	
Esarhaddon_2Ki.19.37	
Esau_Gen.25.25	Q220822
Eshban_Gen.36.26	
Eshcol_Gen.14.13	
Eshton_1Ch.4.11	
Esli_Luk.3.25	
Esther_Est.2.7	Q732413
Ethan_1Ki.4.31	Q1370913
Ethan_1Ch.2.6	Q1370913
Ethbaal_1Ki.16.31	Q1277966
Ethnan_1Ch.4.7	
Eubulus_2Ti.4.21	
Eunice_2Ti.1.5	Q1373978
Euodia_Php.4.2	
Eutychus_Act.20.9	Q3438613
Eve_Gen.3.20	Q830183
Evi_Num.31.8	
Evil-merodach_2Ki.25.27	
Ezbai_1Ch.11.37	
Ezbon_Gen.46.16	
Ezbon_1Ch.7.7	
Ezekiel_Ezk.1.3	Q194064
Ezer_Gen.36.21	
Ezer_1Ch.4.4	
Ezer_1Ch.7.21	
Ezer_1Ch.12.9	
Ezer_Neh.3.19	
Ezer_Neh.12.42	
Eznite_2Sa.23.8	
Ezra_Ezr.7.1	Q191787
Ezra_Neh.12.1	Q191787
Ezrah_1Ch.4.17	
Ezrahite_1Ki.4.31	
Ezri_1Ch.27.26	
Felix_Act.23.24	
Festus_Act.24.27	
Fortunatus_1Co.16.17	Q1376253
Gaal_Jdg.9.26	Q10287821
Gabbai_Neh.11.8	
Gad_Gen.30.11	
Gad_1Sa.22.5	
Gaddi_Num.13.11	
Gaddiel_Num.13.10	
Gadi_2Ki.15.14	
Gaham_Gen.22.24	
Gahar_Ezr.2.47	
Gaius_Act.19.29	Q31283795
Gaius_Act.20.4	Q31283795
Gaius_Rom.16.23	Q31283795
Gaius_3Jn.1.1	Q31283795
Galal_1Ch.9.15	
Galal_1Ch.9.16	
Gallio_Act.18.12	
Gamaliel_Act.5.34	
Gamaliel_Num.1.10	
Gamul_1Ch.24.17	
Gareb_2Sa.23.38	
Garmite_1Ch.4.19	
Gatam_Gen.36.11	
Gazez_1Ch.2.46a	
Gazez_1Ch.2.46b	
Gazzam_Ezr.2.48	
Geber_1Ki.4.13	
Geber_1Ki.4.19	
Gedaliah_Ezr.10.18	Q1497453
Gedaliah_2Ki.25.22	Q1497453
Gedaliah_Zep.1.1	Q1497453
Gedaliah_1Ch.25.3	Q1497453
Gedaliah_Jer.38.1	Q1497453
Gedor_1Ch.8.31	
Gehazi_2Ki.4.12	Q977435
Gemalli_Num.13.12	
Gemariah_Jer.29.3	
Gemariah_Jer.36.10	
Genubath_1Ki.11.20	
Gera_Gen.46.21	
Gera_2Sa.16.5	
Gera_1Ch.8.3	
Gera_1Ch.8.7	
Gershom_Exo.2.22	Q1514983
Gershom_Ezr.8.2	Q1514983
Gershon_Gen.46.11	Q2915121
Geshan_1Ch.2.47	
Geshem_Neh.2.19	
Gether_Gen.10.23	Q2910407
Geuel_Num.13.15	
Rapha_2Sa.21.16	
Gibea_1Ch.2.49	
Giddalti_1Ch.25.4	
Giddel_Ezr.2.47	
Giddel_Ezr.2.56	
Gideon_Jdg.6.11	
Gideoni_Num.1.11	Q176125
Gilalai_Neh.12.36	
Gilead_Num.26.29	
Gilead_Jdg.11.1	
Gilead_1Ch.5.14	
Ginath_1Ki.16.21	
Ginnethon_Neh.10.6	
Girgashite_Gen.10.16	
Girzite_1Sa.27.8	
Gishpa_Neh.11.21	
Gizonite_1Ch.11.34	
Gog_1Ch.5.4	Q5882214
Goiim_Gen.14.1	
Goliath_1Sa.17.4	Q192785
Gomer_Gen.10.2	
Gomer_Hos.1.3	
Guni_Gen.46.24	
Guni_1Ch.5.15	
Haahashtari_1Ch.4.6	
Habaiah_Ezr.2.61	
Habakkuk_Hab.1.1	
Habazziniah_Jer.35.3	
Hacaliah_Neh.1.1	
Hachmoni_1Ch.27.32	
Hachmonite_2Sa.23.8	
Hadad_Gen.36.35	
Hadad_Gen.36.39	
Hadad_1Ki.11.14	
Hadad_Gen.25.15	
Hadadezer_2Sa.8.3	
Hadlai_2Ch.28.12	
Hadoram_Gen.10.27	Q5638029
Hagab_Ezr.2.46	
Hagabah_Ezr.2.45	
Hagar_Gen.16.1	
Haggai_Ezr.5.1	
Haggedolim_Neh.11.14	
Haggi_Gen.46.16	
Haggiah_1Ch.6.30	
Haggith_2Sa.3.4	
Hagri_1Ch.5.10	
Hakkatan_Ezr.8.12	
Hakkoz_1Ch.24.10	
Hakkoz_Ezr.2.61	
Hakkoz_Neh.3.4	
Hakupha_Ezr.2.51	
Hallohesh_Neh.3.12	
Ham_Gen.5.32	Q229702
Haman_Est.3.1	Q650680
Hamathite_Gen.10.18	
Hammath_1Ch.2.55	
Hammedatha_Est.3.1	Q1424200
Hammelech_Jer.36.26	
Hammolecheth_1Ch.7.18	
Hammuel_1Ch.4.26	
Hamor_Gen.33.19	
Hamul_Gen.46.12	Q65129982
Hamutal_2Ki.23.31	
Hanamel_Jer.32.7	
Hanan_1Ch.8.23	
Hanan_1Ch.8.38	
Hanan_1Ch.11.43	
Hanan_Ezr.2.46	
Hanan_Neh.8.7	
Hanan_Neh.10.22	
Hanan_Neh.10.26	
Hanan_Neh.13.13	
Hanan_Jer.35.4	
Hanani_1Ki.16.1	
Hanani_1Ch.25.4	
Hanani_Ezr.10.20	
Hanani_Neh.1.2	
Hanani_Neh.12.36	
Hananiah_1Ch.3.19	Q106084783
Hananiah_1Ch.8.24	Q106084783
Hananiah_1Ch.25.4	Q106084783
Hananiah_2Ch.26.11	Q106084783
Hananiah_Ezr.10.28	Q106084783
Hananiah_Neh.3.8	Q106084783
Hananiah_Neh.3.30	Q106084783
Hananiah_Neh.7.2	Q106084783
Hananiah_Neh.10.23	Q106084783
Hananiah_Neh.12.12	Q106084783
Hananiah_Neh.12.41	Q106084783
Hananiah_Jer.28.1	Q106084783
Hananiah_Jer.36.12	Q106084783
Hananiah_Jer.37.13	Q106084783
Hananiah_Dan.1.6	Q106084783
Hannah_1Sa.1.2	Q2346367
Hanniel_Num.34.23	
Hanniel_1Ch.7.39	
Hanoch_Gen.25.4	
Hanoch_Gen.46.9	
Hanun_2Sa.10.1	
Hanun_Neh.3.13	
Hanun_Neh.3.30	
Happizzez_1Ch.24.15	
Haran_Gen.11.26	Q1199156
Haran_1Ch.23.9	Q1199156
Haran_1Ch.2.46	Q1199156
Hararite_2Sa.23.11	
Harbona_Est.1.10	Q6578364
Harbona_Est.7.9	
Hareph_1Ch.2.51	
Harhaiah_Neh.3.8	
Harhas_2Ki.22.14	
Harhur_Ezr.2.51	
Harim_1Ch.24.8	
Harim_Ezr.2.32	
Harim_Neh.3.11	
Harim_Neh.10.27	
Hariph_Neh.10.19	
Harnepher_1Ch.7.36	
Haroeh_1Ch.2.52	
Harsha_Ezr.2.52	
Harum_1Ch.4.8	
Harumaph_Neh.3.10	
Haruphite_1Ch.12.5	
Haruz_2Ki.21.19	
Hasadiah_1Ch.3.20	
Hashabiah_1Ch.6.45	
Hashabiah_1Ch.9.14	
Hashabiah_1Ch.25.3	
Hashabiah_1Ch.26.30	
Hashabiah_1Ch.27.17	
Hashabiah_2Ch.35.9	
Hashabiah_Ezr.8.19	
Hashabiah_Neh.3.17	
Hashabiah_Neh.11.22	
Hashabiah_Neh.12.21	
Hashabnah_Neh.10.25	
Hashabneiah_Neh.3.10	
Hashabneiah_Neh.9.5	
Hashbaddanah_Neh.8.4	
Hashubah_1Ch.3.20	
Hashum_Ezr.2.19	
Hashum_Neh.8.4	
Hashum_Neh.10.18	
Hassenuah_1Ch.9.7	
Hasshub_1Ch.9.14	
Hasshub_Neh.3.11	
Hasshub_Neh.3.23	
Hasshub_Neh.10.23	
Hasupha_Ezr.2.43	
Hathach_Est.4.5	
Hathath_1Ch.4.13	
Hatipha_Ezr.2.54	
Hatita_Ezr.2.42	
Hattil_Ezr.2.57	
Hattush_1Ch.3.22	
Hattush_Ezr.8.2	
Hattush_Neh.3.10	
Hattush_Neh.10.4	
Havilah_Gen.10.7	Q32945196
Havilah_Gen.10.29	Q32945196
Hazael_1Ki.19.15	
Hazaiah_Neh.11.5	
Hazarmaveth_Gen.10.26	Q2905463
Haziel_1Ch.23.9	
Hazo_Gen.22.22	
Hazzelelponi_1Ch.4.3	
Heber_Gen.46.17	
Heber_Jdg.4.11	
Heber_1Ch.4.18	
Heber_1Ch.8.17	
Hebrew_Gen.14.13	
Hebron_Exo.6.18	Q1800542
Hebron_1Ch.2.42	Q1800542
Hegai_Est.2.3	
Helah_1Ch.4.5	
Heldai_Zec.6.10	
Heleb_2Sa.23.29	
Helek_Num.26.30	
Helez_2Sa.23.26	
Helez_1Ch.2.39	
Heli_Luk.3.23	Q2474891
Helkai_Neh.12.15	
Helon_Num.1.9	
Hemam_Gen.36.22	
Heman_1Ki.4.31	
Heman_1Ch.2.6	
Heman_1Ch.6.33	
Hemdan_Gen.36.26	
Henadad_Ezr.3.9	
Henadad_Neh.3.18	
Henadad_Neh.3.24	
Hepher_Num.26.32	Q85853477
Hepher_1Ch.4.6	Q85853477
Hepher_1Ch.11.36	Q85853477
Hephzibah_2Ki.21.1	
Heresh_1Ch.9.15	
Hermas_Rom.16.14	
Hermes_Rom.16.14	
Hermogenes_2Ti.1.15	Q97166693
Herod_Mat.2.1	
Herod_Mat.14.1	
Herod_Act.12.1	
Herodias_Mat.14.3	Q230091
Herodion_Rom.16.11	
Hesed_1Ki.4.10	
Heth_Gen.10.15	Q2335214
Hezekiah_2Ki.16.20	Q244912
Hezekiah_Ezr.2.16	Q244912
Hezekiah_Neh.10.17	
Hezekiah_Zep.1.1	
Hezion_1Ki.15.18	
Hezir_1Ch.24.15	
Hezir_Neh.10.20	
Hezro_2Sa.23.35	
Hezron_Gen.46.9	
Hezron_Gen.46.12	
Hiddai_2Sa.23.30	
Hiel_1Ki.16.34	
Hilkiah_2Ki.18.18	
Hilkiah_2Ki.22.4	
Hilkiah_1Ch.6.45	
Hilkiah_1Ch.26.11	
Hilkiah_Neh.8.4	
Hilkiah_Neh.12.7	
Hilkiah_Jer.1.1	
Hillel_Jdg.12.13	
Hirah_Gen.38.1	
Hiram_2Sa.5.11	Q108422651
Hiram_1Ki.7.13	Q108422651
Hivite_Gen.10.17	
Hizki_1Ch.8.17	
Hizkiah_1Ch.3.23	
Hobab_Num.10.29	
Hod_1Ch.7.37	
Hodaviah_1Ch.3.24	
Hodaviah_1Ch.5.24	
Hodaviah_1Ch.9.7	
Hodaviah_Ezr.2.40	
Hodesh_1Ch.8.9	
Hodiah_1Ch.4.19	
Hodiah_Neh.8.7	
Hodiah_Neh.10.13	
Hodiah_Neh.10.18	
Hoglah_Num.26.33	Q4498664
Hoham_Jos.10.3	
Hophni_1Sa.1.3	Q1563312
Hophra_Jer.37.5	
Horam_Jos.10.33	
Hori_Gen.36.22	
Hori_Num.13.5	
Horonite_Neh.2.10	
Hosah_1Ch.16.38	
Hosea_Hos.1.1	
Hoshaiah_Neh.12.32	
Hoshaiah_Jer.42.1	
Hoshama_1Ch.3.18	
Hoshea_2Ki.15.30	Q7734
Hoshea_1Ch.27.20	Q7734
Hoshea_Neh.10.23	Q7734
Hotham_1Ch.7.32	
Hotham_1Ch.11.44	
Hothir_1Ch.25.4	
huge_man_2Sa.21.20	
Hul_Gen.10.23	Q2898616
Huldah_2Ki.22.14	Q583207
Huppah_1Ch.24.13	
Huppim_Gen.46.21	
Huppim_1Ch.7.12	
Hur_1Ki.4.8	Q492665
Hur_Exo.17.10	Q492665
Hur_Num.31.8	Q492665
Hur_Neh.3.9	Q492665
Huri_1Ch.5.14	
Hushah_1Ch.4.4	
Hushai_2Sa.15.32	Q5949258
Husham_Gen.36.34	
Hushathite_2Sa.21.18	
Hushim_1Ch.8.8	
Hushim_Gen.46.23	
Hushim_1Ch.7.12	
Hymenaeus_1Ti.1.20	Q16199754
Ibhar_2Sa.5.15	Q5984013
Ibneiah_1Ch.9.8	
Ibnijah_1Ch.9.8	
Ibri_1Ch.24.27	
Ibsam_1Ch.7.2	
Ibzan_Jdg.12.8	Q645796
Ichabod_1Sa.4.21	Q4205417
Idbash_1Ch.4.3	
Iddo_Ezr.8.17	
Iddo_1Ch.27.21	
Iddo_1Ki.4.14	
Iddo_1Ch.6.21	
Iddo_2Ch.9.29	
Iddo_Ezr.5.1	
Iddo_Neh.12.4	
Igal_Num.13.7	
Igal_2Sa.23.36	
Igal_1Ch.3.22	
Igdaliah_Jer.35.4	
Ikkesh_2Sa.23.26	
Imlah_1Ki.22.8	
Immanuel_Isa.7.14	
Immer_1Ch.9.12	
Immer_1Ch.24.14	
Immer_Neh.3.29	
Imna_1Ch.7.35	
Imnah_Gen.46.17	
Imnah_2Ch.31.14	Q106777512
Imrah_1Ch.7.36	
Imri_1Ch.9.4	
Imri_Neh.3.2	
Iphdeiah_1Ch.8.25	
Ir_1Ch.7.12	
Ira_2Sa.20.26	
Ira_2Sa.23.26	
Ira_2Sa.23.38	
Irad_Gen.4.18	Q3364264
Iram_Gen.36.43	
Iri_1Ch.7.7	
Irijah_Jer.37.13	
Ir-nahash_1Ch.4.12	
Iru_1Ch.4.15	
Isaac_Gen.17.19	Q671872
Isaiah_2Ki.19.2	
Iscah_Gen.11.29	
Ishbah_1Ch.4.17	
Ishbak_Gen.25.2	Q594903
Ishbi-benob_2Sa.21.16	
Ish-bosheth_2Sa.2.8	Q313238
Ishhod_1Ch.7.18	
Ishi_1Ch.2.31	
Ishi_1Ch.4.20	
Ishi_1Ch.4.42	
Ishi_1Ch.5.24	
Ishma_1Ch.4.3	
Ishmael_Gen.16.11	
Ishmael_2Ki.25.23	
Ishmael_1Ch.8.38	
Ishmael_2Ch.19.11	
Ishmael_2Ch.23.1	
Ishmael_Ezr.10.22	
Ishmaiah_1Ch.12.4	
Ishmaiah_1Ch.27.19	
Ishmerai_1Ch.8.18	
Ishpah_1Ch.8.16	
Ishpan_1Ch.8.22	
Ishvah_Gen.46.17	
Ishvi_Gen.46.17	
Ismachiah_2Ch.31.13	
Israel_Gen.25.26	Q289957
Issachar_Gen.30.18	Q651256
Issachar_1Ch.26.5	Q651256
Isshiah_1Ch.7.3	
Isshiah_1Ch.12.6	
Isshiah_1Ch.23.20	
Isshiah_1Ch.24.21	
Isshijah_Ezr.10.31	
Ithamar_Exo.6.23	Q1675214
Ithiel_Neh.11.7	
Ithiel_Pro.30.1	
Ithmah_1Ch.11.46	
Ithran_Gen.36.26	
Ithran_1Ch.7.37	
Ithream_2Sa.3.5	Q11727237
Ithrite_2Sa.23.38	
Ittai_2Sa.15.19	Q11714286
Ittai_2Sa.23.29	Q11714286
Izhar_Exo.6.18	Q2210407
Izhar_1Ch.4.7	
Izliah_1Ch.8.18	
Izrahiah_1Ch.7.3	
Izziah_Ezr.10.25	
Jaakobah_1Ch.4.36	
Jaalah_Ezr.2.56	
Jaare-oregim_2Sa.21.19	
Jaareshiah_1Ch.8.27	
Jaasiel_1Ch.11.47	
Jaasiel_1Ch.27.21	
Jaasu_Ezr.10.37	
Jaazaniah_Jer.35.3	Q17006080
Jaazaniah_Ezk.8.11	Q17006080
Jaazaniah_Ezk.11.1	Q17006080
Jaaziah_1Ch.24.26	
Jaaziel_1Ch.15.18	
Jabal_Gen.4.20	Q1676803
Jabesh_2Ki.15.10	
Jabez_1Ch.4.9	Q1676833
Jabin_Jos.11.1	
Jabin_Jdg.4.2	
Jacan_1Ch.5.13	
Jachin_Gen.46.10	Q18088109
Jachin_1Ch.9.10	Q18088109
Jachin_1Ch.24.17	Q18088109
Jacob_Mat.1.15	
Jada_1Ch.2.28	Q6121173
Jaddai_Ezr.10.43	
Jaddua_Neh.10.21	
Jaddua_Neh.12.11	
Jadon_Neh.3.7	
Jael_Jdg.4.17	Q954820
Jahath_1Ch.4.2	
Jahath_1Ch.6.20	
Jahath_1Ch.23.10	
Jahath_1Ch.24.22	
Jahath_2Ch.34.12	
Jahaziel_1Ch.12.4	Q1966067
Jahaziel_1Ch.16.6	Q1966067
Jahaziel_1Ch.23.19	Q1966067
Jahaziel_2Ch.20.14	Q1966067
Jahaziel_Ezr.8.5	Q1966067
Jahdai_1Ch.2.47	
Jahdiel_1Ch.5.24	
Jahdo_1Ch.5.14	
Jahleel_Gen.46.14	Q44126902
Jahmai_1Ch.7.2	
Jahzeel_Gen.46.24	
Jahzeiah_Ezr.10.15	
Jahzerah_1Ch.9.12	
Jair_Num.32.41	
Jair_Jdg.10.3	
Jair_Est.2.5	
Jairus_Mrk.5.22	Q325476
Jakeh_Pro.30.1	
Jakim_1Ch.8.19	
Jakim_1Ch.24.12	
Jalam_Gen.36.5	
Jalon_1Ch.4.17	
Jambres_2Ti.3.8	Q21582218
James_Mat.4.21	Q43999
James_Mat.10.3	Q43999
James_Mat.13.55	Q43999
James_Mat.27.56	
Jamin_Gen.46.10	Q11716821
Jamin_1Ch.2.27	Q11716821
Jamin_Neh.8.7	Q11716821
Jamlech_1Ch.4.34	
Janai_1Ch.5.12	
Jannai_Luk.3.24	
Jannes_2Ti.3.8	Q21582214
Japheth_Gen.5.32	Q200637
Japhia_Jos.10.3	
Japhia_2Sa.5.15	
Japhlet_Jos.16.3	
Jared_Gen.5.15	Q927410
Jarha_1Ch.2.34	
Jarib_Ezr.8.16	
Jarib_Ezr.10.18	
Jaroah_1Ch.5.14	
Jashar_Jos.10.13	
Jashen_2Sa.23.32	
Jashobeam_2Sa.23.8	
Jashobeam_1Ch.12.6	
Jashub_Gen.46.13	
Jashub_Ezr.10.29	
Jason_Act.17.5	
Jathniel_1Ch.26.2	
Javan_Gen.10.2	Q1684266
Jaziz_1Ch.27.31	
Jeatherai_1Ch.6.21	
Jeberechiah_Isa.8.2	
Jebusite_Gen.10.16	
Jecoliah_2Ki.15.2	
Jedaiah_1Ch.4.37	
Jedaiah_Neh.3.10	
Jedaiah_1Ch.9.10	
Jedaiah_1Ch.24.7	
Jedaiah_Neh.12.7	
Jedaiah_Zec.6.10	
Jediael_1Ch.7.6	
Jediael_1Ch.11.45	
Jediael_1Ch.12.20	
Jediael_1Ch.26.2	
Jedidah_2Ki.22.1	
Jeduthun_1Ch.6.44	Q3567244
Jeduthun_1Ch.9.16	Q3567244
Jehallelel_1Ch.4.16	
Jehallelel_2Ch.29.12	
Jehdeiah_1Ch.24.20	
Jehdeiah_1Ch.27.30	
Jehezkel_1Ch.24.16	
Jehiel_1Ch.15.18	
Jehiel_1Ch.23.8	
Jehiel_1Ch.27.32	
Jehiel_2Ch.21.2	
Jehiel_2Ch.31.13	
Jehiel_2Ch.35.8	
Jehiel_Ezr.8.9	
Jehiel_Ezr.10.2	
Jehiel_Ezr.10.21	
Jehiel_Ezr.10.26	
Jehizkiah_2Ch.28.12	
Jehoaddah_1Ch.8.36	
Jehoaddan_2Ki.14.2	
Jehoahaz_2Ki.10.35	
Jehoahaz_2Ki.23.30	
Jehohanan_1Ch.26.3	
Jehohanan_2Ch.17.15	
Jehohanan_2Ch.23.1	
Jehohanan_Ezr.10.6	
Jehohanan_Ezr.10.28	
Jehohanan_Neh.6.18	
Jehohanan_Neh.12.13	
Jehohanan_Neh.12.42	
Jehoiachin_2Ki.24.6	Q319049
Jehoiada_2Sa.8.18	
Jehoiada_2Ki.11.4	
Jehoiada_1Ch.27.34	
Jehoiada_Jer.29.26	
Jehoiakim_2Ki.23.34	Q319034
Jehoiarib_1Ch.24.7	
Jehonathan_2Ch.17.8	
Jehonathan_Neh.12.18	
Jehoram_1Ki.22.50	
Jehoram_2Ch.17.8	
Jehoshaphat_2Sa.8.16	
Jehoshaphat_1Ki.4.17	
Jehoshaphat_1Ki.15.24	
Jehoshaphat_2Ki.9.2	
Jehosheba_2Ki.11.2	Q4202829
Jehozabad_2Ki.12.21	
Jehozabad_1Ch.26.4	
Jehozabad_2Ch.17.18	
Jehozadak_1Ch.6.14	
Jehu_1Ki.16.1	Q1686571
Jehu_1Ki.19.16	Q1686571
Jehu_1Ch.2.38	Q1686571
Jehu_1Ch.4.35	Q1686571
Jehu_1Ch.12.3	Q1686571
Jehubbah_1Ch.7.34	
Jehucal_Jer.37.3	
Jehudi_Jer.36.14	
Jehudijah_1Ch.4.18	
Jehuel_2Ch.29.14	
Jeiel_1Ch.5.7	
Jeiel_1Ch.11.44	
Jeiel_1Ch.15.18	
Jeiel_2Ch.20.14	
Jeiel_2Ch.26.11	
Jeiel_2Ch.35.9	
Jeiel_Ezr.10.43	
Jekameam_1Ch.23.19	
Jekamiah_1Ch.2.41	
Jekamiah_1Ch.3.18	
Jekuthiel_1Ch.4.18	
Jemimah_Job.42.14	
Jemuel_Gen.46.10	Q24954387
Jephthah_Jdg.11.1	Q1133523
Jephunneh_Num.13.6	
Jephunneh_1Ch.7.38	
Jerah_Gen.10.26	
Jerahmeel_1Sa.27.10	Q1687510
Jerahmeel_1Ch.24.29	Q1687510
Jerahmeel_Jer.36.26	Q1687510
Jered_1Ch.4.18	Q927410
Jeremai_Ezr.10.33	
Jeremiah_2Ki.23.31	Q158825
Jeremiah_1Ch.5.24	Q158825
Jeremiah_1Ch.12.4	Q158825
Jeremiah_1Ch.12.10	Q158825
Jeremiah_1Ch.12.13	Q158825
Jeremiah_2Ch.35.25	Q158825
Jeremiah_Neh.10.2	Q158825
Jeremiah_Jer.35.3	Q158825
Jeremoth_1Ch.7.8	
Jeremoth_1Ch.8.14	
Jeremoth_Ezr.10.26	
Jeremoth_Ezr.10.27	
Jeremoth_Ezr.10.29	
Jeriah_1Ch.23.19	
Jeribai_1Ch.11.46	
Jeriel_1Ch.7.2	
Jerijah_1Ch.26.31	
Jerimoth_1Ch.7.7	
Jerimoth_1Ch.12.5	
Jerimoth_1Ch.23.23	
Jerimoth_1Ch.25.4	
Jerimoth_1Ch.27.19	
Jerimoth_2Ch.11.18	
Jerimoth_2Ch.31.13	
Jerioth_1Ch.2.18	
Jeroboam_1Ki.11.26	Q313219
Jeroboam_2Ki.13.13	Q313219
Jeroham_1Sa.1.1	
Jeroham_1Ch.8.27	
Jeroham_1Ch.9.8	
Jeroham_1Ch.9.12	
Jeroham_1Ch.12.7	
Jeroham_1Ch.27.22	
Jeroham_2Ch.23.1	
Jerusha_2Ki.15.33	
Jeshaiah_1Ch.3.21	
Jeshaiah_1Ch.25.3	
Jeshaiah_Ezr.8.7	
Jeshaiah_Ezr.8.19	
Jeshaiah_Neh.11.7	
Jeshebeab_1Ch.24.13	
Jesher_1Ch.2.18	
Jeshishai_1Ch.5.14	
Jeshohaiah_1Ch.4.36	
Jeshua_1Ch.24.11	
Jeshua_2Ch.31.15	
Jeshua_Ezr.2.6	
Jeshua_Ezr.2.40	
Jeshua_Ezr.8.33	
Jeshua_Neh.3.19	
Jeshua_Neh.12.24	
Jesimiel_1Ch.4.36	
Jesse_Rut.4.17	Q45090
Jesus_Mat.1.1	Q302
Jether_Jdg.8.20	Q6659565
Jether_2Sa.17.25	Q6659565
Jether_1Ch.2.32	Q6659565
Jether_1Ch.4.17	Q6659565
Jetheth_Gen.36.40	
Jethro_Exo.2.18	Q62788
Jetur_Gen.25.15	Q11927540
Jeuel_1Ch.9.6	
Jeuel_2Ch.29.13	
Jeuel_Ezr.8.13	
Jeush_Gen.36.5	Q42535942
Jeush_1Ch.7.10	
Jeush_1Ch.8.39	
Jeush_1Ch.23.10	Q42535942
Jeush_2Ch.11.19	Q42535942
Jeuz_1Ch.8.10	
Jew_2Ki.25.25	
Jezaniah_2Ki.25.23	
Jezebel_1Ki.16.31	Q721295
Jezer_Gen.46.24	
Jeziel_1Ch.12.3	
Jezrahiah_Neh.12.42	
Jezreel_1Ch.4.3	Q11727245
Jezreel_Hos.1.4	Q11727245
Jidlaph_Gen.22.22	
Joab_1Sa.26.6	Q1141064
Joab_1Ch.4.14	Q1141064
Joab_Ezr.2.6	Q1141064
Joab_Ezr.8.9	Q1141064
Joah_2Ki.18.18	
Joah_1Ch.6.21	
Joah_1Ch.26.4	
Joah_2Ch.34.8	
Joah_2Ch.29.12a	
Joah_2Ch.29.12b	
Joahaz_2Ch.34.8	
Joanan_Luk.3.27	
Joanna_Luk.8.3	
Joash_Jdg.6.11	
Joash_1Ki.22.26	
Joash_2Ki.11.2	
Joash_2Ki.13.9	
Joash_1Ch.4.22	
Joash_1Ch.12.3	
Joash_1Ch.7.8	
Joash_1Ch.27.28	
Job_Job.1.1	Q179962
Jobab_Gen.10.29	
Jobab_Gen.36.33	
Jobab_Jos.11.1	
Jobab_1Ch.8.9	
Jobab_1Ch.8.18	
Jochebed_Exo.6.20	
Joda_Luk.3.26	
Joed_Neh.11.7	
Joel_1Sa.8.2	Q20888416
Joel_1Ch.4.35	Q20888416
Joel_1Ch.5.4	Q20888416
Joel_1Ch.5.8	Q20888416
Joel_1Ch.5.12	Q20888416
Joel_1Ch.7.3	Q20888416
Joel_1Ch.11.38	Q20888416
Joel_1Ch.15.7	Q20888416
Joel_1Ch.23.8	Q20888416
Joel_1Ch.27.20	Q20888416
Joel_2Ch.29.12	Q20888416
Joel_Ezr.10.43	Q20888416
Joel_Neh.11.9	Q20888416
Joel_Jol.1.1	Q20888416
Joelah_1Ch.12.7	
Joezer_1Ch.12.6	
Jogli_Num.34.22	
Joha_1Ch.8.16	
Joha_1Ch.11.45	
Johanan_1Ch.12.4	
Johanan_1Ch.12.12	
Johanan_2Ch.28.12	
Johanan_2Ki.25.23	
Johanan_1Ch.3.24	
Johanan_1Ch.6.9	
Johanan_Ezr.8.12	
Johanan_Neh.12.11	
John_Mat.3.1	
John_Mat.4.21	
John_Act.4.6	
John_Mat.16.17	
Joiada_Neh.3.6	
Joiada_Neh.12.10	
Joiakim_Neh.12.10	Q319034
Joiarib_1Ch.9.10	
Joiarib_Ezr.8.16	
Joiarib_Neh.11.5	
Jokim_1Ch.4.22	
Jokshan_Gen.25.2	Q737548
Joktan_Gen.10.25	Q1553059
Jonadab_2Ki.10.15	
Jonadab_2Sa.13.3	
Jonah_2Ki.14.25	Q2468262
Jonam_Luk.3.30	
Jonathan_Jdg.18.30	
Jonathan_1Sa.13.2	
Jonathan_2Sa.15.27	
Jonathan_2Sa.23.32	
Jonathan_1Ch.27.25	
Jonathan_Jer.37.15	
Jonathan_1Ch.2.32	
Jonathan_Ezr.8.6	
Jonathan_Ezr.10.15	
Jonathan_Neh.12.14	
Jonathan_Neh.12.35	
Jonathan_Jer.40.8	
Jorah_Ezr.2.18	
Jorai_1Ch.5.13	
Joram_2Sa.8.10	
Joram_2Ki.1.17	
Joram_1Ch.26.25	
Jorim_Luk.3.29	
Jorkeam_1Ch.2.44	
Josech_Luk.3.26	
Joseph_Mat.13.55	
Joseph_Mat.1.16	
Joseph_Mat.27.56	
Joseph_Mat.27.57	
Joseph_Luk.3.24	
Joseph_Luk.3.30	
Joseph_Act.1.23	
Joseph_Gen.30.24	
Joseph_Num.13.7	
Joseph_1Ch.25.2	
Joseph_Ezr.10.42	
Joseph_Neh.12.14	
Joshah_1Ch.4.34	
Joshaphat_1Ch.11.43	
Joshaphat_1Ch.15.24	
Joshaviah_1Ch.11.46	
Joshbekashah_1Ch.25.4	
Joshibiah_1Ch.4.35	
Joshua_Luk.3.29	
Joshua_Exo.17.9	Q7734
Joshua_1Sa.6.14	Q7734
Joshua_2Ki.23.8	Q7734
Joshua_Ezr.2.2	Q7734
Josiah_1Ki.13.2	Q313228
Josiah_Zec.6.10	Q313228
Josiphiah_Ezr.8.10	
Jotham_Jdg.9.5	
Jotham_2Ki.15.5	
Jotham_1Ch.2.47	
Jozabad_1Ch.12.4	
Jozabad_1Ch.12.20a	
Jozabad_1Ch.12.20b	
Jozabad_2Ch.31.13	
Jozabad_2Ch.35.9	
Jozabad_Ezr.8.33	
Jozabad_Ezr.10.22	
Jozabad_Ezr.10.23	
Jozabad_Neh.8.7	
Jozabad_Neh.11.16	
Jozacar_2Ki.12.22	
Jozadak_Ezr.10.18	Q6176509
Jubal_Gen.4.21	Q1432204
Judah_Luk.3.30	
Judah_Gen.29.35	Q282220
Judah_Ezr.10.23	Q282220
Judah_Neh.11.9	Q282220
Judah_Neh.12.8	Q282220
Judah_Neh.12.36	Q282220
Judas_Mat.10.3	Q81018
Judas_Mat.10.4	Q81018
Judas_Act.5.37	Q81018
Judas_Act.9.11	Q81018
Judas_Act.15.22	Q81018
Jude_Mat.13.55	
Judith_Gen.26.34	Q28532552
Julia_Rom.16.15	
Julius_Act.27.1	
Junia_Rom.16.7	Q262766
Jushab-hesed_1Ch.3.20	
Justus_Act.18.7	
Justus_Col.4.11	
Kadmiel_Ezr.2.40	
Kadmonite_Gen.15.19	
Kallai_Neh.12.20	
Kareah_2Ki.25.23	
Kedar_Gen.25.13	Q21087985
Kedemah_Gen.25.15	Q11944201
Kelaiah_Ezr.10.23	
Kelita_Neh.8.7	
Kemuel_Gen.22.21	Q11944206
Kemuel_Num.34.24	Q11944206
Kemuel_1Ch.27.17	Q11944206
Kenaz_Gen.36.11	
Kenaz_Gen.36.42	
Kenaz_Num.32.12	
Kenaz_1Ch.4.15	
Kenite_Gen.15.19	
Kenizzite_Gen.15.19	
Keren-happuch_Job.42.14	Q3201131
Keros_Ezr.2.44	
Keturah_Gen.25.1	Q908531
Keziah_Job.42.14	
Kish_1Sa.9.1	Q2915270
Kish_1Ch.23.21	Q2915270
Kish_2Ch.29.12	Q2915270
Kish_Est.2.5	Q2915270
Kishi_1Ch.6.44	
Kittim_Gen.10.4	
Kohath_Gen.46.11	Q2914557
Kolaiah_Neh.11.7	
Kolaiah_Jer.29.21	
Korah_Gen.36.5	Q1337316
Korah_Gen.36.16	Q1337316
Korah_Exo.6.21	Q1337316
Korah_1Ch.2.43	Q1337316
Kore_1Ch.9.19	
Kore_2Ch.31.14	
Koz_1Ch.4.8	
Laadah_1Ch.4.21	
Laban_Gen.24.29	Q840401
Ladan_1Ch.7.26	
Lael_Num.3.24	
Lahad_1Ch.4.2	
Lahmi_2Sa.21.19	
Laish_1Sa.25.44	
Lamech_Gen.4.18	
Lamech_Gen.5.25	
Lappidoth_Jdg.4.4	
Lazarus_Luk.16.20	
Lazarus_Jhn.11.1	
Leah_Gen.29.16	Q128847
Lebanah_Ezr.2.45	
Lecah_1Ch.4.21	
Lehabim_Gen.10.13	
Lemuel_Pro.31.1	
Letushim_Gen.25.3	
Leummim_Gen.25.3	
Levi_Luk.3.24	Q215512
Levi_Luk.3.29	Q215512
Levi_Gen.29.34	Q215512
Libni_Exo.6.17	
Libni_1Ch.6.29	
Likhi_1Ch.7.19	
Linus_2Ti.4.21	
Lo-ammi_Hos.1.9	
Lois_2Ti.1.5	Q25344412
Lo-ruhamah_Hos.1.6	
Lot_Gen.11.27	Q40574
Lotan_Gen.36.20	Q6684617
Lud_Gen.10.22	Q1815870
Ludim_Gen.10.13	
Luke_2Co.13.14	
Lydia_Act.16.14	
Lysanias_Luk.3.1	
Lysias_Act.23.26	
Maacah_Gen.22.24	
Maacah_2Sa.3.3	
Maacah_1Ki.15.2	
Maacah_1Ch.2.48	
Maacah_1Ch.7.15	
Maacah_1Ch.8.29	
Maacah_1Ch.11.43	
Maacah_1Ch.27.16	
Maadai_Ezr.10.34	
Maai_Neh.12.36	
Maasai_1Ch.9.12	
Maaseiah_1Ch.15.18	
Maaseiah_2Ch.23.1	
Maaseiah_2Ch.26.11	
Maaseiah_2Ch.28.7	
Maaseiah_2Ch.34.8	
Maaseiah_Ezr.10.18	
Maaseiah_Ezr.10.21	
Maaseiah_Ezr.10.22	
Maaseiah_Ezr.10.30	
Maaseiah_Neh.3.23	
Maaseiah_Neh.8.4	
Maaseiah_Neh.8.7	
Maaseiah_Neh.10.25	
Maaseiah_Neh.11.5	
Maaseiah_Neh.11.7	
Maaseiah_Neh.12.41	
Maaseiah_Neh.12.42	
Maaseiah_Jer.21.1	
Maaseiah_Jer.29.21	
Maaseiah_Jer.35.4	
Maath_Luk.3.26	
Maaz_1Ch.2.27	
Maaziah_1Ch.24.18	
Maaziah_Neh.10.8	
Machbannai_1Ch.12.13	
Machbenah_1Ch.2.49	
Machi_Num.13.15	
Machir_Gen.50.23	
Machir_2Sa.9.4	
Machnadebai_Ezr.10.40	
Madai_Gen.10.2	Q1790796
Madmannah_1Ch.2.49	
Magdiel_Gen.36.43	
Magog_Gen.10.2	Q1964706
Magpiash_Neh.10.20	
Mahalalel_Gen.5.12	
Mahalalel_Neh.11.4	
Mahalath_Gen.28.9	Q2669401
Mahalath_2Ch.11.18	Q2669401
Maharai_2Sa.23.28	
Mahath_2Ch.29.12	
Mahath_2Ch.31.13	
Mahavite_1Ch.11.46	
Mahazioth_1Ch.25.4	
Maher-shalal-hash-baz_Isa.8.1	
Mahlah_Num.26.33	Q4285720
Mahlah_1Ch.7.18	
Mahli_Exo.6.19	
Mahli_1Ch.6.47	Q85854044
Mahlon_Rut.1.2	Q9026972
Mahol_1Ki.4.31	Q2415069
Mahseiah_Jer.32.12	
Malachi_Mal.1.1	
Malcam_1Ch.8.9	
Malchiah_Jer.21.1	
Malchiel_Gen.46.17	Q106777538
Malchijah_1Ch.6.40	
Malchijah_1Ch.9.12	
Malchijah_1Ch.24.9	
Malchijah_Ezr.10.25	
Malchijah_Ezr.10.31	
Malchijah_Neh.3.11	
Malchijah_Neh.3.14	
Malchijah_Neh.3.31	
Malchijah_Neh.8.4	
Malchijah_Neh.10.3	
Malchijah_Neh.12.42	
Malchijah_Ezr.10.25	
Malchiram_1Ch.3.18	
Malchi-shua_1Sa.14.49	
Malchus_Jhn.18.10	
Mallothi_1Ch.25.4	
Malluch_1Ch.6.44	
Malluch_Ezr.10.29	
Malluch_Ezr.10.32	
Malluch_Neh.10.4	
Malluch_Neh.10.27	
Mamre_Gen.14.13	
Manaen_Act.13.1	
Manahath_Gen.36.23	
Manasseh_Gen.41.51	
Manasseh_2Ki.20.21	
Manasseh_Ezr.10.30	
Manasseh_Ezr.10.33	
Manoah_Jdg.13.2	Q221514
Maoch_1Sa.27.2	
Maon_1Ch.2.45	
Mareshah_1Ch.2.42a	
Mareshah_1Ch.4.21	
Mareshah_1Ch.2.42b	
Mark_Act.12.12	
Marsena_Est.1.14	
Martha_Luk.10.38	Q232453
Mary_Mat.1.16	
Mary_Mat.27.56	
Mary_Luk.10.39	
Mary_Jhn.19.25	
Mary_Act.12.12	
Mary_Rom.16.6	
MaryMagdalene_Mat.27.56	
Mash_Gen.10.23	Q13418757
Massa_Gen.25.14	Q21087988
Matred_Gen.36.39	
Matri_1Sa.10.21	
Mattan_2Ki.11.18	
Mattan_Jer.38.1	
Mattaniah_1Ch.9.15	
Mattaniah_1Ch.25.4	
Mattaniah_2Ch.20.14	
Mattaniah_2Ch.29.13	
Mattaniah_Ezr.10.26	
Mattaniah_Ezr.10.27	
Mattaniah_Ezr.10.30	
Mattaniah_Ezr.10.37	
Mattaniah_Neh.11.22	
Mattaniah_Neh.13.13	
Mattatha_Luk.3.31	Q19715666
Mattathias_Luk.3.25	Q44020
Mattathias_Luk.3.26	Q44020
Mattattah_Ezr.10.33	
Mattenai_Ezr.10.33	
Mattenai_Ezr.10.37	
Mattenai_Neh.12.19	
Matthan_Mat.1.15	Q11936164
Matthat_Luk.3.24	
Matthat_Luk.3.29	
Matthew_Mat.9.9	Q43600
Matthias_Act.1.23	Q44020
Mattithiah_1Ch.9.31	
Mattithiah_1Ch.15.18	
Mattithiah_Ezr.10.43	
Mattithiah_Neh.8.4	
Mecherathite_1Ch.11.36	
Medad_Num.11.26	Q56473843
Medan_Gen.25.2	
Mehetabel_Gen.36.39	
Mehetabel_Neh.6.10	
Mehida_Ezr.2.52	
Mehir_1Ch.4.11	
Meholathite_1Sa.18.19	
Mehujael_Gen.4.18	Q10329365
Mehuman_Est.1.10	Q1917635
Melatiah_Neh.3.7	
Melchi_Luk.3.24	
Melchi_Luk.3.28	
Melchizedek_Gen.14.18	Q219395
Melea_Luk.3.31	Q11936413
Melech_1Ch.8.35	
Melzar_Dan.1.11	
Memucan_Est.1.14	
Menahem_2Ki.15.14	
Menna_Luk.3.31	
Menuhoth_1Ch.2.52	
Meonothai_1Ch.4.14	
Mephibosheth_2Sa.4.4	Q851686
Mephibosheth_2Sa.21.8	Q851686
Merab_1Sa.14.49	Q10581739
Meraiah_Neh.12.12	
Meraioth_1Ch.6.6	
Merari_Gen.46.11	Q2670550
Mered_1Ch.4.17	Q6818896
Meremoth_Ezr.8.33	
Meremoth_Ezr.10.36	
Meres_Est.1.14	
Merodach-baladan_2Ki.20.12	
Mesha_1Ch.8.9	Q350258
Mesha_2Ki.3.4	Q350258
Meshech_Gen.10.2	
Meshelemiah_1Ch.9.21	
Meshezabel_Neh.3.4	
Meshezabel_Neh.10.21	
Meshezabel_Neh.11.24	
Meshillemith_1Ch.9.12	
Meshillemoth_2Ch.28.12	
Meshobab_1Ch.4.34	
Meshullam_2Ki.22.3	
Meshullam_1Ch.3.19	
Meshullam_1Ch.5.13	
Meshullam_1Ch.8.17	
Meshullam_1Ch.9.7	
Meshullam_1Ch.9.8	
Meshullam_1Ch.9.12	
Meshullam_2Ch.34.12	
Meshullam_Ezr.8.16	
Meshullam_Ezr.10.15	
Meshullam_Ezr.10.29	
Meshullam_Neh.3.4	
Meshullam_Neh.3.6	
Meshullam_Neh.8.4	
Meshullam_Neh.10.7	
Meshullam_Neh.10.20	
Meshullam_Neh.11.7	
Meshullam_Neh.12.13	
Meshullam_Neh.12.16	
Meshullam_Neh.12.25	
Meshullemeth_2Ki.21.19	
Methuselah_Gen.5.21	Q156290
Methushael_Gen.4.18	
Meunim_Ezr.2.50	
Meunite_1Ch.4.41	
Mezahab_Gen.36.39	
Mezobaite_1Ch.11.47	
Mibhar_1Ch.11.38	
Mibsam_Gen.25.13	Q14925213
Mibsam_1Ch.4.25	Q14925213
Mibzar_Gen.36.42	
Mica_1Ch.9.15	
Mica_Neh.10.11	
Mica_Neh.11.22	
Micah_2Sa.9.12	Q2804969
Micah_Jdg.17.1	Q2804969
Micah_1Ch.5.5	Q2804969
Micah_1Ch.23.20	
Micah_Jer.26.18	Q2804969
Micaiah_2Ki.22.12	
Micaiah_Neh.12.41	
Micaiah_1Ki.22.8	Q1531578
Micaiah_Jer.36.11	
Micaiah_2Ch.17.7	
Michael_Num.13.13	
Michael_1Ch.5.13	
Michael_1Ch.5.14	
Michael_1Ch.6.40	
Michael_1Ch.7.3	
Michael_1Ch.8.16	
Michael_1Ch.12.20	
Michael_1Ch.27.18	
Michael_2Ch.21.2	
Michael_Ezr.8.8	
Michael_Dan.10.13	
Michal_1Sa.14.49	Q1341397
Michri_1Ch.9.8	
Midian_Gen.25.2	Q755316
Mijamin_1Ch.24.9	
Mijamin_Ezr.10.25	
Mijamin_Neh.10.7	
Mikloth_1Ch.8.32	
Mikloth_1Ch.27.4	
Mikneiah_1Ch.15.18	
Milalai_Neh.12.36	
Milcah_Gen.11.29	
Milcah_Num.26.33	
Miniamin_2Ch.31.15	
Miniamin_Neh.12.41	
Miriam_Exo.15.20	Q1938388
Miriam_1Ch.4.17	Q1938388
Mirmah_1Ch.8.10	
Misgab_Jer.48.1	
Mishael_Exo.6.22	Q11343582
Mishael_Neh.8.4	Q11343582
Mishael_Dan.1.6	Q11343582
Misham_1Ch.8.12	
Mishma_Gen.25.14	Q20101216
Mishma_1Ch.4.25	Q20101216
Mishmannah_1Ch.12.10	
Mishraite_1Ch.2.53	
Mispar_Ezr.2.2	
Mithnite_1Ch.11.43	
Mithredath_Ezr.1.8	
Mithredath_Ezr.4.7	
Mizzah_Gen.36.13	Q6884915
Mnason_Act.21.16	
Moab_Gen.19.37	Q1585141
Molid_1Ch.2.29	
Mordecai_Ezr.2.2	Q1136380
Mordecai_Est.2.5	Q1136380
Moses_Exo.2.10	Q9077
Moza_1Ch.2.46	
Moza_1Ch.8.36	
Muppim_Gen.46.21	
Mushi_Exo.6.19	
Naam_1Ch.4.15	
Naamah_1Ki.14.21	
Naamah_Gen.4.22	
Naaman_Gen.46.21	
Naaman_Num.26.40	
Naaman_2Ki.5.1	
Naaman_1Ch.8.7	
Naamathite_Job.2.11	Q6956559
Naarah_1Ch.4.5	
Naarai_1Ch.11.37	Q10343349
Nabal_1Sa.25.3	Q1709507
Naboth_1Ki.21.1	Q44203
Nacon_2Sa.6.6	
Nadab_Exo.6.23	Q1941782
Nadab_1Ki.14.20	Q1941782
Nadab_1Ch.2.28	Q1941782
Nadab_1Ch.8.30	Q1941782
Naggai_Luk.3.25	
Naham_1Ch.4.19	
Nahamani_Neh.7.7	
Naharai_2Sa.23.37	
Nahash_1Sa.11.1	
Nahash_2Sa.10.2	
Nahash_2Sa.17.25	
Nahash_2Sa.17.27	
Nahath_Gen.36.13	
Nahath_2Ch.31.13	
Nahbi_Num.13.14	Q1703736
Nahor_Gen.11.22	
Nahor_Gen.11.26	
Nahshon_Exo.6.23	
Nahum_Luk.3.25	
Nahum_Nam.1.1	Q1981722
Naomi_Rut.1.2	Q2596433
Naphish_Gen.25.15	Q10335361
Naphtali_Gen.30.8	Q1771963
Naphtuhim_Gen.10.13	Q11938321
Narcissus_Rom.16.11	
Nathan_2Sa.5.14	
Nathan_2Sa.7.2	
Nathan_2Sa.23.36	
Nathan_1Ch.2.36	
Nathan_Ezr.8.16	
Nathan_Ezr.10.39	
Nathanael_Jhn.1.45	
Nathan-melech_2Ki.23.11	
Neariah_1Ch.3.22	
Neariah_1Ch.4.42	
Nebai_Neh.10.19	
Nebaioth_Gen.25.13	
Nebat_1Ki.11.26	Q26835883
Nebuchadnezzar_2Ki.24.1	
Nebu-sar-sekim_Jer.39.3	
Nebushazban_Jer.39.13	
Nebuzaradan_2Ki.25.8	Q6903514
Neco_2Ki.23.29	
Nedabiah_1Ch.3.18	
Nehelam_Jer.29.24	
Nehemiah_Ezr.2.2	Q1025598
Nehemiah_Neh.1.1	Q1025598
Nehemiah_Neh.3.16	Q1025598
Nehushta_2Ki.24.8	
Nekoda_Ezr.2.48	
Nekoda_Ezr.2.60	
Nemuel_Num.26.9	Q24954387
Nepheg_Exo.6.21	
Nepheg_2Sa.5.15	
Nephilim_Gen.6.4	
Nephushesim_Ezr.2.50	
Ner_1Sa.14.50	Q16128781
Nereus_Rom.16.15	
Nergal-shar-ezer_Jer.39.3a	
Nergal-shar-ezer_Jer.39.3b	
Neri_Luk.3.27	
Neriah_Jer.32.12	
Nero_Php.4.22	
Nethanel_Num.1.8	
Nethanel_1Ch.2.14	
Nethanel_1Ch.15.24	
Nethanel_1Ch.24.6	
Nethanel_1Ch.26.4	
Nethanel_2Ch.17.7	
Nethanel_2Ch.35.9	
Nethanel_Ezr.10.22	
Nethanel_Neh.12.21	
Nethanel_Neh.12.36	
Nethaniah_2Ki.25.23	
Nethaniah_1Ch.25.2	
Nethaniah_2Ch.17.8	
Nethaniah_Jer.36.14	
Neziah_Ezr.2.54	
Nicanor_Act.6.5	
Nicodemus_Jhn.3.1	Q295084
Nicolaus_Act.6.5	
Nimrod_Gen.10.8	Q201861
Nimshi_1Ki.19.16	
Noadiah_Ezr.8.33	
Noadiah_Neh.6.14	
Noah_Gen.5.29	Q81422
Noah_Num.26.33	Q81422
Nobah_Num.32.42	
Nogah_1Ch.3.7	
Nun_Exo.33.11	
Nympha_Col.4.15	
Obadiah_1Ki.18.3	
Obadiah_1Ch.3.21	
Obadiah_1Ch.7.3	
Obadiah_1Ch.8.38	
Obadiah_1Ch.9.16	
Obadiah_1Ch.12.9	
Obadiah_1Ch.27.19	
Obadiah_2Ch.17.7	
Obadiah_2Ch.34.12	
Obadiah_Ezr.8.9	
Obadiah_Neh.10.5	
Obadiah_Oba.1.1	
Obal_Gen.10.28	
Obed_Rut.4.17	Q1135791
Obed_1Ch.2.37	Q1135791
Obed_1Ch.11.47	Q1135791
Obed_1Ch.26.7	Q1135791
Obed_2Ch.23.1	Q1135791
Obed-edom_2Sa.6.10	Q2898809
Obil_1Ch.27.30	
Ochran_Num.1.13	
Oded_2Ch.15.1	
Oded_2Ch.28.9	
Og_Num.21.33	Q878675
Ohad_Gen.46.10	Q65124128
Ohel_1Ch.3.20	
Oholah_Ezk.23.4	
Oholiab_Exo.31.6	
Oholibah_Ezk.23.4	
Oholibamah_Gen.36.2	
Oholibamah_Gen.36.25	
Oholibamah_Gen.36.41	
Olympas_Rom.16.15	
Omar_Gen.36.11	Q7089609
Omri_1Ki.16.16	Q313221
Omri_1Ch.7.8	Q313221
Omri_1Ch.9.4	Q313221
Omri_1Ch.27.18	Q313221
On_Num.16.1	Q18227832
Onam_Gen.36.23	
Onam_1Ch.2.26	
Onan_Gen.38.4	Q661074
Onesimus_Col.4.9	
Onesiphorus_2Ti.1.16	
Ophir_Gen.10.29	
Ophrah_1Ch.4.14	
Oreb_Jdg.7.25	
Oren_1Ch.2.25	
Ornan_2Sa.24.16	
Orpah_Rut.1.4	Q1697019
Osnappar_Ezr.4.10	
Othni_1Ch.26.7	
Othniel_Jos.15.17	Q536485
Ozem_1Ch.2.15	
Ozem_1Ch.2.25	
Paarai_2Sa.23.35	Q10343349
Padon_Ezr.2.44	
Pagiel_Num.1.13	Q20605581
Pahath-moab_Ezr.2.6	Q7124538
Pahath-moab_Neh.3.11	Q7124538
Pahath-moab_Neh.10.14	Q7124538
Palal_Neh.3.25	
Pallu_Gen.46.9	
Palti_Num.13.9	Q7128770
Palti_1Sa.25.44	
Paltiel_Num.34.26	Q7128770
Parmashta_Est.9.9	
Parmenas_Act.6.5	Q1398612
Parnach_Num.34.25	
Parosh_Ezr.2.3	Q1577528
Parosh_Ezr.8.3	
Parosh_Neh.3.25	Q1577528
Parosh_Neh.10.14	Q1577528
Parshandatha_Est.9.7	
Parthian_Act.2.9	
Paruah_1Ki.4.17	
Pasach_1Ch.7.33	
Paseah_1Ch.4.12	
Paseah_Ezr.2.49	
Paseah_Neh.3.6	
Pashhur_1Ch.9.12	
Pashhur_Neh.10.3	
Pashhur_Jer.20.1	
Pashhur_Jer.21.1	
Pashhur_Jer.38.1a	
Pathrusim_Gen.10.14	Q7144855
Patrobas_Rom.16.14	
Paul_Act.7.58	
Pedahel_Num.34.28	
Pedahzur_Num.1.10	
Pedaiah_2Ki.23.36	Q20101444
Pedaiah_1Ch.3.18	Q20101444
Pedaiah_1Ch.27.20	Q20101444
Pedaiah_Neh.3.25	Q20101444
Pedaiah_Neh.8.4	Q20101444
Pedaiah_Neh.11.7	Q20101444
Pedaiah_Neh.13.13	Q20101444
Pekah_2Ki.15.25	
Pekahiah_2Ki.15.22	
Pelaiah_Neh.8.7	
Pelaiah_1Ch.3.24	
Pelaliah_Neh.11.12	
Pelatiah_1Ch.3.21	
Pelatiah_1Ch.4.42	
Pelatiah_Neh.10.22	
Pelatiah_Ezk.11.1	
Peleg_Gen.10.25	Q1648259
Pelet_1Ch.2.47	
Pelet_1Ch.12.3	
Peleth_Num.16.1	
Peleth_1Ch.2.33	
Pelethite_2Sa.8.18	
Pelonite_2Sa.23.26	
Peninnah_1Sa.1.2	Q2068934
Penuel_1Ch.4.4	
Penuel_1Ch.8.25	
Peresh_1Ch.7.16	
Perez_Gen.38.29	
Perizzite_Gen.13.7	
Persis_Rom.16.12	
Peruda_Ezr.2.55	
Peter_Mat.4.18	Q33923
Pethahiah_1Ch.24.16	
Pethahiah_Ezr.10.23	
Pethahiah_Neh.9.5	
Pethahiah_Neh.11.24	
Pethuel_Jol.1.1	
Peullethai_1Ch.26.5	
Phanuel_Luk.2.36	Q7180641
Pharaoh_Gen.12.15	Q659203
Pharaoh_Gen.37.36	Q659203
Pharaoh_Exo.1.11	Q659203
Pharaoh_Exo.3.10	Q659203
Pharaoh_1Ki.3.1	Q659203
Pharaoh_2Ki.18.21	Q659203
Pharaoh_1Ch.4.18	Q659203
Pharaoh_Jer.25.19	Q659203
Phicol_Gen.21.22	
Philemon_Phm.1.1	
Philetus_2Ti.2.17	
Philip_Mat.10.3	Q43675
Philip_Mat.14.3	Q43675
Philip_Luk.3.1	Q43675
Philip_Act.6.5	Q43675
Philistine_Gen.10.14	
Philologus_Rom.16.15	
Phinehas_Exo.6.25	
Phinehas_1Sa.1.3	
Phinehas_Ezr.8.33	
Phlegon_Rom.16.14	
Phoebe_Rom.16.1	
Phygelus_2Ti.1.15	
Pilate_Mat.27.2	
Pildash_Gen.22.22	
Pilha_Neh.10.24	
Piltai_Neh.12.17	
Pinon_Gen.36.41	
Piram_Jos.10.3	Q104802999
Pispa_1Ch.7.38	
Pithon_1Ch.8.35	
Pochereth-hazzebaim_Ezr.2.57	
Poratha_Est.9.8	
Potiphar_Gen.37.36	Q1148687
Potiphera_Gen.41.45	
Priscilla_Act.18.2	
Prochorus_Act.6.5	
Puah_Gen.46.13	Q21959799
Puah_Jdg.10.1	Q21959799
Puah_Exo.1.15	Q21959799
Publius_Act.28.7	
Pudens_2Ti.4.21	
Purah_Jdg.7.10	
Put_Gen.10.6	
Puthite_1Ch.2.53	
Putiel_Exo.6.25	
Pyrrhus_Act.20.4	
Quartus_Rom.16.23	
Queen_of_Sheba_1Ki.10.1	Q159888
Quirinius_Luk.2.2	
Raamah_Gen.10.7	Q3085764
Rab-mag_Jer.39.3	
Rab-saris_2Ki.18.17	
Rab-saris_Jer.39.3	
Rabshakeh_2Ki.18.17	
Rachel_Gen.29.6	Q207389
Raddai_1Ch.2.14	
Rahab_Jos.2.1	Q1135632
Raham_1Ch.2.44	
Rakem_1Ch.7.16	
Ram_Rut.4.19	Q1824842
Ram_1Ch.2.25	Q1824842
Ram_Job.32.2	Q1824842
Ramathite_1Ch.27.27	Q7289111
Ramiah_Ezr.10.25	
Raphah_1Ch.8.37	
Raphu_Num.13.9	
Reaiah_1Ch.5.5	
Reaiah_Ezr.2.47	
Reba_Num.31.8	
Rebekah_Gen.22.23	
Rechab_2Sa.4.2	
Rechab_2Ki.10.15	
Rechab_Neh.3.14	
Reelaiah_Ezr.2.2	
Regem_1Ch.2.47	
Regem-melech_Zec.7.2	
Rehabiah_1Ch.23.17	Q16595329
Rehob_2Sa.8.3	Q97172306
Rehob_Neh.10.11	Q97172306
Rehoboam_1Ki.11.43	Q211663
Rehum_Ezr.2.2	
Rehum_Ezr.4.8	
Rehum_Neh.3.17	
Rehum_Neh.10.25	
Rei_1Ki.1.8	
Rekem_Num.31.8	
Rekem_1Ch.2.43	
Remaliah_2Ki.15.25	
Rephael_1Ch.26.7	
Rephah_1Ch.7.25	
Rephaiah_1Ch.3.21	
Rephaiah_1Ch.4.42	
Rephaiah_1Ch.7.2	
Rephaiah_Neh.3.9	
Rephaim_Gen.14.5	
Resheph_1Ch.7.25	
Reu_Gen.11.18	Q2040793
Reuben_Gen.29.32	Q625661
Reuel_Gen.36.4	
Reuel_1Ch.9.8	
Reumah_Gen.22.24	
Rezin_2Ki.15.37	Q878947
Rezin_Ezr.2.48	Q878947
Rezon_1Ki.11.23	
Rhesa_Luk.3.27	
Rhoda_Act.12.13	Q7320830
Ribai_2Sa.23.29	
Rimmon_2Sa.4.2	
Rinnah_1Ch.4.20	
Riphath_Gen.10.3	Q2918052
Rizia_1Ch.7.39	
Rizpah_2Sa.3.7	Q2899077
Rohgah_1Ch.7.34	
Romamti-ezer_1Ch.25.4	
Rosh_Gen.46.21	
Rufus_Mrk.15.21	Q3452770
Rufus_Rom.16.13	Q3452770
Ruth_Rut.1.4	Q1774982
Sabtah_Gen.10.7	Q13143737
Sabteca_Gen.10.7	
Sachar_1Ch.26.4	
Sachia_1Ch.8.10	
Sallai_Neh.11.8	
Sallu_Neh.12.7	
Sallu_1Ch.9.7	
Sallu_Neh.11.7	
Salma_1Ch.2.51	Q1771358
Salmon_Rut.4.20	
Salome_Mrk.15.40	
Salu_Num.25.14	
Samgar_Jer.39.3	
Samlah_Gen.36.36	
Samson_Jdg.13.24	Q214648
Samuel_1Sa.1.20	Q6577515
Sanballat_Neh.2.10	Q751918
Saph_2Sa.21.18	
Sapphira_Act.5.1	Q37946284
Sarah_Gen.11.29	
Saraph_1Ch.4.22	
Saul_1Sa.9.2	Q28730
Sceva_Act.19.14	
Scythian_Col.3.11	
Seba_Gen.10.7	Q23639444
Secundus_Act.20.4	Q110624753
Segub_1Ki.16.34	
Segub_1Ch.2.21	Q85854804
Seir_Gen.36.20	Q42532277
Seled_1Ch.2.30	
Semachiah_1Ch.26.7	
Semein_Luk.3.26	
Sennacherib_2Ki.18.13	
Seorim_1Ch.24.8	
Serah_Gen.46.17	
Seraiah_2Sa.8.17	Q18192237
Seraiah_2Ki.25.18	Q18192237
Seraiah_2Ki.25.23	Q18192237
Seraiah_1Ch.4.13	Q18192237
Seraiah_1Ch.4.35	Q18192237
Seraiah_Ezr.2.2	Q18192237
Seraiah_Jer.36.26	Q18192237
Seraiah_Jer.51.59	Q18192237
Sered_Gen.46.14	Q44126900
Sergius_Paulus_Act.13.7	
Serug_Gen.11.20	Q1161313
Seth_Gen.4.25	Q107626
Sethur_Num.13.13	
Shaaph_1Ch.2.47	
Shaaph_1Ch.2.49	
Shaashgaz_Est.2.14	
Shabbethai_Ezr.10.15	
Shabbethai_Neh.8.7	
Shabbethai_Neh.11.16	
Shaharaim_1Ch.8.8	
Shallum_2Ki.15.10	
Shallum_2Ki.22.14	
Shallum_1Ch.2.40	
Shallum_1Ch.3.15	
Shallum_1Ch.4.25	
Shallum_1Ch.6.12	
Shallum_1Ch.9.17	
Shallum_2Ch.28.12	
Shallum_Ezr.10.24	
Shallum_Ezr.10.42	
Shallum_Neh.3.12	
Shallum_Jer.32.7	
Shallum_Jer.35.4	
Shallum_Neh.3.15	
Shalmai_Ezr.2.46	
Shalmaneser_2Ki.17.3	
Shama_1Ch.11.44	
Shamgar_Jdg.3.31	Q1516550
Shamhuth_1Ch.27.8	
Shamir_1Ch.24.24	
Shamma_1Ch.7.37	
Shammah_2Sa.23.11	
Shammah_Gen.36.13	
Shammah_2Sa.23.25	
Shammah_2Sa.23.33	
Shammai_1Ch.2.28	
Shammai_1Ch.2.44	
Shammai_1Ch.4.17	
Shammua_Num.13.4	
Shammua_2Sa.5.14	
Shammua_Neh.12.18	
Shamsherai_1Ch.8.26	
Shapham_1Ch.5.12	
Shaphan_2Ki.22.3	Q2904866
Shaphan_Ezk.8.11	Q2904866
Shaphat_Num.13.5	
Shaphat_1Ki.19.16	
Shaphat_1Ch.3.22	
Shaphat_1Ch.5.12	
Shaphat_1Ch.27.29	
Sharai_Ezr.10.40	
Sharar_2Sa.23.33	
Sharezer_2Ki.19.37	Q76383242
Sharezer_Zec.7.2	
Shashai_Ezr.10.40	
Shashak_1Ch.8.14	
Shaul_Gen.36.37	
Shaul_Gen.46.10	
Shaul_1Ch.6.24	
Sheal_Ezr.10.29	
Shealtiel_Luk.3.27	
Shealtiel_1Ch.3.17	Q2256348
Sheariah_1Ch.8.38	
Shear-jashub_Isa.7.3	
Sheba_Gen.10.7	
Sheba_Gen.10.28	
Sheba_Gen.25.3	
Sheba_2Sa.20.1	
Sheba_1Ch.5.13	
Shebaniah_1Ch.15.24	
Shebaniah_Neh.9.4	
Shebaniah_Neh.10.4	
Shebaniah_Neh.10.12	
Sheber_1Ch.2.48	
Shebna_2Ki.18.18	Q7492261
Shebuel_1Ch.23.16	
Shebuel_1Ch.25.4	
Shecaniah_1Ch.3.21	
Shecaniah_1Ch.24.11	
Shecaniah_2Ch.31.15	
Shecaniah_Ezr.8.3	
Shecaniah_Ezr.8.5	
Shecaniah_Ezr.10.2	
Shecaniah_Neh.6.18	
Shechem_Gen.33.19	
Shechem_Num.26.31	Q22054796
Shechem_1Ch.7.19	Q22054796
Shedeur_Num.1.5	
Sheerah_1Ch.7.24	
Shehariah_1Ch.8.26	
Shelah_Gen.38.5	
Shelah_Gen.10.24	
Shelemiah_Ezr.10.39	Q32979697
Shelemiah_Ezr.10.41	Q32979697
Shelemiah_Neh.3.30	Q32979697
Shelemiah_Neh.13.13	Q32979697
Shelemiah_Jer.36.14	Q32979697
Shelemiah_Jer.36.26	Q32979697
Shelemiah_Jer.37.3	Q32979697
Shelemiah_Jer.37.13	Q32979697
Sheleph_Gen.10.26	Q7493584
Shelesh_1Ch.7.35	
Shelomi_Num.34.27	
Shelomith_1Ch.23.18	
Shelomith_Lev.24.11	
Shelomith_2Ch.11.20	
Shelomith_Ezr.8.10	
Shelomith_1Ch.3.19	
Shelomoth_1Ch.23.9	
Shelomoth_1Ch.26.25	
Shelumiel_Num.1.6	
Shem_Gen.5.32	Q200902
Shema_1Ch.2.43	
Shema_1Ch.5.8	
Shema_1Ch.8.13	
Shema_Neh.8.4	
Shemaah_1Ch.12.3	
Shemaiah_1Ki.12.22	Q2090113
Shemaiah_1Ch.3.22	Q2090113
Shemaiah_1Ch.4.37	Q2090113
Shemaiah_1Ch.5.4	Q2090113
Shemaiah_1Ch.9.14	Q2090113
Shemaiah_1Ch.9.16	Q2090113
Shemaiah_1Ch.15.8	Q2090113
Shemaiah_1Ch.24.6	Q2090113
Shemaiah_1Ch.26.4	Q2090113
Shemaiah_2Ch.17.8	Q2090113
Shemaiah_2Ch.29.14	Q2090113
Shemaiah_2Ch.31.15	Q2090113
Shemaiah_2Ch.35.9	Q2090113
Shemaiah_Ezr.8.13	Q2090113
Shemaiah_Ezr.8.16	Q2090113
Shemaiah_Ezr.10.21	Q2090113
Shemaiah_Ezr.10.31	Q2090113
Shemaiah_Neh.3.29	Q2090113
Shemaiah_Neh.6.10	Q2090113
Shemaiah_Neh.10.8	Q2090113
Shemaiah_Neh.12.35	Q2090113
Shemaiah_Neh.12.36	Q2090113
Shemaiah_Neh.12.42	Q2090113
Shemaiah_Jer.26.20	Q2090113
Shemaiah_Jer.29.24	Q2090113
Shemaiah_Jer.36.12	Q2090113
Shemariah_1Ch.12.5	
Shemariah_2Ch.11.19	
Shemariah_Ezr.10.32	
Shemariah_Ezr.10.41	
Shemeber_Gen.14.2	
Shemed_1Ch.8.12	
Shemer_1Ki.16.24	
Shemer_1Ch.6.46	
Shemida_Num.26.32	Q85854716
Shemiramoth_1Ch.15.18	
Shemiramoth_2Ch.17.8	
Shemuel_Num.34.20	
Shemuel_1Ch.7.2	
Shenazzar_1Ch.3.18	
Shephatiah_2Sa.3.4	Q9351247
Shephatiah_1Ch.9.8	
Shephatiah_1Ch.12.5	Q9351247
Shephatiah_1Ch.27.16	Q9351247
Shephatiah_2Ch.21.2	Q9351247
Shephatiah_Ezr.2.4	Q9351247
Shephatiah_Ezr.2.57	Q9351247
Shephatiah_Neh.11.4	Q9351247
Shephatiah_Jer.38.1	Q9351247
Shepho_Gen.36.23	
Sherebiah_Ezr.8.18	
Sherebiah_Neh.10.12	
Sheresh_1Ch.7.16	
Sheshai_Num.13.22	
Sheshan_1Ch.2.31	
Shethar_Est.1.14	
Shethar-bozenai_Ezr.5.3	
Sheva_1Ch.2.49	
Shilhi_1Ki.22.42	
Shillem_Gen.46.24	
Shiloh_Gen.49.10	
Shiloni_Neh.11.5	
Shilshah_1Ch.7.37	
Shimea_1Ch.6.30	
Shimea_1Ch.6.39	
Shimeah_1Ch.8.32	
Shimeah_1Sa.16.9	
Shimeath_2Ki.12.21	
Shimei_Exo.6.17	
Shimei_2Sa.16.5	
Shimei_1Ki.1.8	
Shimei_1Ch.3.19	
Shimei_1Ch.4.26	
Shimei_1Ch.5.4	
Shimei_1Ch.6.29	
Shimei_1Ch.8.21	
Shimei_1Ch.27.27	
Shimei_2Ch.29.14	
Shimei_2Ch.31.12	
Shimei_Ezr.10.23	
Shimei_Ezr.10.33	
Shimei_Ezr.10.38	
Shimei_Est.2.5	
Shimeon_Ezr.10.31	Q1773005
Shimon_1Ch.4.20	Q33923
Shimrath_1Ch.8.21	
Shimri_1Ch.4.37	
Shimri_1Ch.11.45	
Shimri_1Ch.26.10	
Shimri_2Ch.29.13	
Shimron_Gen.46.13	
Shimshai_Ezr.4.8	
Shinab_Gen.14.2	
Shiphi_1Ch.4.37	
Shiphmite_1Ch.27.27	
Shiphrah_Exo.1.15	Q767434
Shiphtan_Num.34.24	
Shishak_1Ki.11.40	Q7499062
Shitrai_1Ch.27.29	
Shiza_1Ch.11.42	
Shobab_2Sa.5.14	Q9352021
Shobab_1Ch.2.18	Q9352021
Shobach_2Sa.10.16	
Shobai_Ezr.2.42	
Shobal_Gen.36.20	
Shobal_1Ch.2.50	
Shobek_Neh.10.24	
Shobi_2Sa.17.27	
Shoham_1Ch.24.27	
Shomer_2Ki.12.21	
Shomer_1Ch.7.32	
Shua_Gen.38.2	
Shua_1Ch.7.32	Q30226376
Shuah_Gen.25.2	Q30226372
Shual_1Ch.7.36	
Shuhah_1Ch.4.11	
Shuhite_Job.2.1	
Shulammite_Sng.6.13	
Shumathite_1Ch.2.53	
Shunammite_1Ki.1.3	
Shuni_Gen.46.16	
Shuppim_1Ch.7.12	
Shuppim_1Ch.26.16	
Shuthelah_Num.26.35	
Shuthelah_1Ch.7.21	
Siaha_Ezr.2.44	
Sibbecai_2Sa.21.18	
Sidon_Gen.10.15	
Sihon_Num.21.21	Q887987
Silas_Act.15.22	
Simeon_Luk.2.25	
Simeon_Luk.3.30	
Simeon_Act.13.1	
Simeon_Gen.29.33	
Simon_Mat.10.4	
Simon_Mat.13.55	
Simon_Mat.26.6	
Simon_Mat.27.32	
Simon_Luk.7.40	
Simon_Jhn.6.71	
Simon_Act.8.9	
Simon_Act.8.13	
Sinite_Gen.10.17	
Sisera_Jdg.4.2	Q976765
Sisera_Ezr.2.53	Q976765
Sismai_1Ch.2.40	
Sithri_Exo.6.22	
So_2Ki.17.4	
Soco_1Ch.4.18	
Sodi_Num.13.10	
Solomon_2Sa.5.14	Q37085
Sopater_Act.20.4	
Sophereth_Ezr.2.55	
Sosthenes_Act.18.17	
Sotai_Ezr.2.55	
Stachys_Rom.16.9	Q9340990
Stephanas_1Co.1.16	Q7608188
Stephen_Act.6.5	
Suah_1Ch.7.36	
Sukkiim_2Ch.12.3	
Susanna_Luk.8.3	
Susi_Num.13.11	
Syntyche_Php.4.2	Q106084401
Tabbaoth_Ezr.2.43	
Tabeel_Ezr.4.7	Q104783764
Tabeel_Isa.7.6	
Tabitha_Act.9.36	Q693055
Tabrimmon_1Ki.15.18	
Tahan_Num.26.35	
Tahan_1Ch.7.25	
Tahash_Gen.22.24	
Tahath_1Ch.6.24	
Tahath_1Ch.7.20a	
Tahath_1Ch.7.20b	
Tahpenes_1Ki.11.19	Q12058221
Talmai_Num.13.22	Q33026733
Talmai_2Sa.3.3	Q33026733
Talmon_1Ch.9.17	
Tamar_Gen.38.6	
Tamar_2Sa.13.1	
Tamar_2Sa.14.27	
Tanhumeth_2Ki.25.23	
Taphath_1Ki.4.11	
Tappuah_1Ch.2.43	
Tarea_1Ch.8.35	
Tarshish_Gen.10.4	
Tarshish_1Ch.7.10	
Tartan_2Ki.18.17	
Tattenai_Ezr.5.3	
Tebah_Gen.22.24	
Tebaliah_1Ch.26.11	
Tehinnah_1Ch.4.12	
Telah_1Ch.7.25	
Telem_Ezr.10.24	
Tema_Gen.25.15	
Temah_Ezr.2.53	
Teman_Gen.36.11	Q1546303
Temeni_1Ch.4.6	
Terah_Gen.11.24	Q586541
Teresh_Est.2.21	
Tertius_Rom.16.22	Q106129018
Tertullus_Act.24.1	Q3518955
Theophilus_Luk.1.3	Q1384449
Theudas_Act.5.36	
Thomas_Mat.10.3	Q43669
Tiberius_Mat.22.17	
Tibni_1Ki.16.21	Q887994
Tidal_Gen.14.1	Q7800767
Tiglath-pileser_2Ki.15.19	
Tikvah_2Ki.22.14	
Tikvah_Ezr.10.15	
Tilon_1Ch.4.20	
Timaeus_Mrk.10.46	Q41111704
Timna_Gen.36.12	Q32979730
Timna_Gen.36.22	Q32979730
Timna_Gen.36.40	
Timnite_Jdg.15.6	
Timon_Act.6.5	
Timothy_Act.16.1	
Tiras_Gen.10.2	Q1481751
Tirhakah_2Ki.19.9	
Tirhanah_1Ch.2.48	
Tiria_1Ch.4.16	
Tirzah_Num.26.33	Q27587242
Titus_2Co.2.13	
Tizite_1Ch.11.45	
Tobadonijah_2Ch.17.8	
Tobiah_Ezr.2.60	Q1412773
Tobiah_Neh.2.10	Q1412773
Tobijah_2Ch.17.8	Q1412773
Tobijah_Zec.6.10	Q1412773
Togarmah_Gen.10.3	Q1068499
Tohu_1Sa.1.1	
Toi_2Sa.8.9	
Tola_Gen.46.13	
Tola_Jdg.10.1	
Trophimus_Act.20.4	
Tryphaena_Rom.16.12	
Tryphosa_Rom.16.12	
Tubal_Gen.10.2	
Tubal-cain_Gen.4.22	Q1356181
Tychicus_Act.20.4	Q1396807
Tyrannus_Act.19.9	
Ucal_Pro.30.1	
Uel_Ezr.10.34	
Ulam_1Ch.7.16	
Ulam_1Ch.8.39	
Unni_1Ch.15.18	
Unni_Neh.12.9	
Ur_1Ch.11.35	
Urbanus_Rom.16.9	
Uri_Exo.31.2	
Uri_1Ki.4.19	
Uri_Ezr.10.24	
Uriah_2Sa.11.3	
Uriah_Jer.26.20	
Uriah_2Ki.16.10	
Uriah_Ezr.8.33	
Uriah_Neh.8.4	
Uriel_1Ch.6.24	
Uriel_1Ch.15.5	
Uriel_2Ch.13.2	
Uthai_1Ch.9.4	
Uthai_Ezr.8.14	
Uz_Gen.10.23	
Uz_Gen.22.21	
Uz_Gen.36.28	
Uzai_Neh.3.25	
Uzal_Gen.10.27	Q7904500
Uzza_1Ch.8.7	Q4331914
Uzza_Ezr.2.49	Q4331914
Uzzah_2Sa.6.3	
Uzzah_1Ch.6.29	
Uzzi_1Ch.6.5	
Uzzi_1Ch.7.2	
Uzzi_1Ch.7.7	
Uzzi_1Ch.9.8	
Uzzi_Neh.11.22	
Uzzi_Neh.12.19	
Uzzi_Neh.12.42	
Uzzia_1Ch.11.44	Q313216
Uzziah_2Ki.14.21	Q313216
Uzziah_1Ch.6.24	Q313216
Uzziah_1Ch.27.25	Q313216
Uzziah_Ezr.10.21	Q313216
Uzziah_Neh.11.4	Q313216
Uzziel_Exo.6.18	
Uzziel_1Ch.4.42	
Uzziel_1Ch.7.7	
Uzziel_1Ch.25.4	
Uzziel_2Ch.29.14	
Uzziel_Neh.3.8	
Vaizatha_Est.9.9	
Vaniah_Ezr.10.36	Q14925218
Vashti_Est.1.9	Q1889603
Vophsi_Num.13.14	
Zaavan_Gen.36.27	
Zabad_1Ch.2.36	Q19717479
Zabad_1Ch.7.21	Q19717479
Zabad_1Ch.11.41	Q19717479
Zabad_Ezr.10.27	Q19717479
Zabad_Ezr.10.33	Q19717479
Zabad_Ezr.10.43	Q19717479
Zabbai_Ezr.10.28	Q8063457
Zabbai_Neh.3.20	
Zabdi_Jos.7.1	Q11955533
Zabdi_1Ch.8.19	Q11955533
Zabdi_1Ch.27.27	Q11955533
Zabdiel_1Ch.27.2	
Zabdiel_Neh.11.14	
Zabud_1Ki.4.5	Q11955535
Zaccai_Ezr.2.9	
Zacchaeus_Luk.19.2	
Zaccur_Num.13.4	
Zaccur_1Ch.4.26	
Zaccur_1Ch.24.27	
Zaccur_1Ch.25.2	
Zaccur_Ezr.8.14	
Zaccur_Neh.3.2	
Zaccur_Neh.10.12	
Zaccur_Neh.13.13	
Zadok_Mat.1.14	
Zadok_2Sa.8.17	
Zadok_2Ki.15.33	
Zadok_1Ch.6.12	
Zadok_Neh.3.4	
Zadok_Neh.3.29	
Zadok_Neh.10.21	
Zadok_Neh.13.13	
Zaham_2Ch.11.19	
Zalaph_Neh.3.30	
Zalmon_2Sa.23.28	
Zalmunna_Jdg.8.5	
Zattu_Neh.10.14	
Zattu_Ezr.2.8	
Zaza_1Ch.2.33	
Zebadiah_1Ch.8.15	
Zebadiah_1Ch.8.17	
Zebadiah_1Ch.12.7	
Zebadiah_1Ch.26.2	
Zebadiah_1Ch.27.7	
Zebadiah_2Ch.17.8	
Zebadiah_2Ch.19.11	
Zebadiah_Ezr.8.8	
Zebadiah_Ezr.10.20	
Zebah_Jdg.8.5	
Zebedee_Mat.4.21	Q169363
Zebidah_2Ki.23.36	
Zebina_Ezr.10.43	
Zebul_Jdg.9.28	Q16944355
Zebulun_Gen.30.20	Q614575
Zechariah_Luk.1.5	
Zechariah_1Ch.9.21	Q604259
Zechariah_2Ki.14.29	
Zechariah_2Ki.18.2	
Zechariah_1Ch.5.7	Q604259
Zechariah_1Ch.24.25	Q604259
Zechariah_1Ch.26.11	Q604259
Zechariah_1Ch.27.21	Q604259
Zechariah_2Ch.17.7	Q604259
Zechariah_2Ch.20.14	Q604259
Zechariah_2Ch.21.2	Q604259
Zechariah_2Ch.24.20	Q604259
Zechariah_2Ch.26.5	Q604259
Zechariah_2Ch.29.13	Q604259
Zechariah_2Ch.34.12	Q604259
Zechariah_2Ch.35.8	Q604259
Zechariah_Ezr.5.1	Q604259
Zechariah_Ezr.8.3	Q604259
Zechariah_Ezr.8.11	Q604259
Zechariah_Ezr.8.16	Q604259
Zechariah_Ezr.10.26	Q604259
Zechariah_Neh.8.4	Q604259
Zechariah_Neh.11.4	Q604259
Zechariah_Neh.11.5	Q604259
Zechariah_Neh.11.12	Q604259
Zechariah_Neh.12.16	Q604259
Zechariah_Neh.12.41	Q604259
Zechariah_Neh.12.35	Q604259
Zechariah_Isa.8.2	Q604259
Zecher_1Ch.8.31	
Zedekiah_1Ki.22.11	Q184273
Zedekiah_2Ki.24.17	Q184273
Zedekiah_1Ch.3.16	Q184273
Zedekiah_Neh.10.1	
Zedekiah_Jer.29.21	Q184273
Zedekiah_Jer.36.12	Q184273
Zeeb_Jdg.7.25	
Zelek_2Sa.23.37	
Zelophehad_Num.26.33	Q2659583
Zemarite_Gen.10.18	
Zemirah_1Ch.7.8	
Zenas_Tit.3.13	
Zephaniah_2Ki.25.18	Q1761359
Zephaniah_Zep.1.1	Q1761359
Zephaniah_Zec.6.10	Q1761359
Zepho_Gen.36.11	
Zerah_Gen.36.13	
Zerah_Gen.36.33	
Zerah_Gen.38.30	
Zerah_1Ch.6.21	
Zerah_2Ch.14.9	
Zerahiah_1Ch.6.6	
Zerahiah_Ezr.8.4	
Zeresh_Est.5.10	Q939384
Zereth_1Ch.4.7	
Zeri_1Ch.25.3	
Zeror_1Sa.9.1	
Zeruah_1Ki.11.26	
Zerubbabel_Luk.3.27	
Zerubbabel_1Ch.3.19	Q320139
Zeruiah_1Sa.26.6	Q196771
Zetham_1Ch.23.8	
Zethan_1Ch.7.10	
Zethar_Est.1.10	
Zia_1Ch.5.13	
Ziba_2Sa.9.2	Q8071402
Zibeon_Gen.36.2	Q42532003
Zibeon_Gen.36.20	Q42532003
Zibia_1Ch.8.9	
Zibiah_2Ki.12.1	Q8071446
Zichri_Exo.6.21	
Zichri_1Ch.8.19	
Zichri_1Ch.8.23	
Zichri_1Ch.8.27	
Zichri_1Ch.9.15	
Zichri_1Ch.26.25	
Zichri_1Ch.27.16	
Zichri_2Ch.17.16	
Zichri_2Ch.23.1	
Zichri_2Ch.28.7	
Zichri_Neh.11.9	
Zichri_Neh.12.17	
Ziha_Ezr.2.43	
Ziha_Neh.11.21	
Zillah_Gen.4.19	Q203082
Zillethai_1Ch.8.20	
Zillethai_1Ch.12.20	
Zilpah_Gen.29.24	Q221826
Zimmah_1Ch.6.20	
Zimmah_2Ch.29.12	
Zimran_Gen.25.2	Q786540
Zimri_1Ki.16.9	
Zimri_Num.25.14	
Zimri_1Ch.8.36	
Zina_1Ch.23.10	
Ziph_1Ch.2.42	
Ziph_1Ch.4.16	
Ziphah_1Ch.4.16	Q106128816
Ziphion_Gen.46.16	
Zippor_Num.22.2	
Zipporah_Exo.2.21	Q205523
Ziza_1Ch.4.37	
Ziza_2Ch.11.20	
Zobebah_1Ch.4.8	
Zohar_Gen.23.8	Q65124445
Zerah_Gen.46.10	
Zoheth_1Ch.4.20	
Zophah_1Ch.7.35	
Zophar_Job.2.11	Q3867348
Zorathite_1Ch.2.53	
Zuar_Num.1.8	
Zuph_1Sa.1.1	
Zur_Num.25.15	
Zur_Num.31.8	
Zur_1Ch.8.30	
Zuriel_Num.3.35	
Zurishaddai_Num.1.6	
Zuzim_Gen.14.5	
father_of_Mamre_Gen.14.13	
daughter1_of_Lot_Gen.19.30	
daughter2_of_Lot_Gen.19.30	
daughter_of_Pharaoh_Exo.2.5	
daughter_of_Putiel_Exo.6.25	
wife_of_Jesse_2Sa.17.25	
son_of_Jashem_2Sa.23.32	
daughter_of_Pharaoh_1Ki.3.1	
father_of_Tahpenes_1Ki.11.19	
sister_of_Tahpenes_1Ki.11.19	
daughter_of_Machir_1Ch.2.21	
son_of_Hodiah_1Ch.4.19	
father_of_Hodiah_1Ch.4.19	
father_of_Nathan_1Ch.11.38	
father_of_Shelomoth_1Ch.23.9	
father_of_Conaniah_2Ch.31.12	
daughter_of_Meshullam_Neh.6.18	
daughter_of_Shecaniah_Neh.6.18	
daughter_of_Sanballat_Neh.13.28	
son_of_Joiada_Neh.13.28	
father_of_Hilkiah_Jer.32.7	
wife_of_Ezekiel_Ezk.24.18	
wife_of_Peter_Mat.8.14	
daughter_of_Herodias_Mat.14.6	
wife_of_Zebedee_Mat.20.20	
father_of_Lazarus_Luk.10.39	
wife_of_Caiaphas_Jhn.18.13	
father_of_Barnabas_Col.4.10	
Abaddon_Rev.9.11	
Abaddon_Job.26.6	
Abba_Mrk.14.36	
Abib_Exo.13.4	
Adar_Ezr.6.15	
Alamoth_1Ch.15.20	
Al-taschith_Psa.57.1	
Amon_Jer.46.25	Q313423
Apharasthchite_Ezr.4.9	
Aramaic_2Ki.18.26	
Asherah_Exo.34.13	
Ashima_2Ki.17.30	
Ashtaroth_Jdg.2.13	
Asiarch_Act.19.31	
Azazel_Lev.16.8	
Baal_Num.22.41	
Baal_Hos.2.16	
Baal-berith_Jdg.8.33	
Bear_Job.9.9	
Behemoth_Job.40.15	
Bel_Isa.46.1	
Boaz_1Ki.7.21	Q212253
Booths_Festival_Jhn.7.2	
Bul_1Ki.6.38	
Candace_Act.8.27	
Chemosh_Num.21.29	
Chislev_Neh.1.1	
Chronicles_1Ki.14.19	
Dagon_Jdg.16.23	
Dedication_Festival_Jhn.10.22	
Destiny_Isa.65.11	
El-berith_Jdg.9.46	
El-Elohe-Israel_Gen.33.20	
Eli_Mat.27.46	Q362021
Elul_Neh.6.15	
Epicurean_Act.17.18	
Ethanim_1Ki.8.2	
Fortune_Isa.65.11	
Freedmen_Act.6.9	
Gabriel_Dan.8.16	
Gentile_Gen.10.5	
Gittith_Psa.8.1	
Hell_Gen.37.35	
Hermes_Act.14.12	
Higgaion_Psa.9.16	
Hosanna_Mat.21.9	
Jachin_1Ki.7.21	Q18088109
Greek_Isa.66.19	
Jonath-elem-rechokim_Psa.56.1	
Judaism_Gal.1.13	
Kiyyun_Amo.5.26	
Latin_Luk.23.38	
Legion_Mrk.5.9	
Leviathan_Job.3.8	
LORD_Gen.1.1	
Lucifer_Isa.14.12	
Mahalath_Psa.53.1	Q2669401
Maskil_Psa.32.1	
Mazzaroth_Job.38.32	
Merodach_Jer.50.2	
Messiah_Jhn.1.41	
Miktam_Psa.16.1	
Molech_Lev.18.21	
Muth-labben_Psa.9.1	
Nazirite_Num.6.2	
Nebo_Isa.46.1	
Nehushtan_2Ki.18.4	
Nergal_2Ki.17.30	
New_Moon_Col.2.16	
Nibhaz_2Ki.17.31	
Nicolaitans_Rev.2.6	
Nisroch_2Ki.19.37	
Omega_Rev.1.8	
Orion_Job.9.9	
Passover_Exo.12.11	
Pharisee_Mat.3.7	
Pleiades_Job.9.9	
Preparation_Festival_Mat.27.62	
Purim_Est.3.7	
Rabbi_Mat.23.7	
Raca_Mat.5.22	
Rahab_Job.9.13	Q1135632
Rephan_Act.7.43	
Rimmon_2Ki.5.18	
Sabbath_Exo.16.23	
Sadducee_Mat.3.7	
Satan_Deu.13.13	
Selah_Psa.3.2	Q1827950
Seraph_Isa.6.2	
Shebat_Zec.1.7	
Sheminith_1Ch.15.21	
Shibboleth_Jdg.12.6	
Shiggaion_Psa.7.1	
Shigionoth_Hab.3.1	
Shimeathite_1Ch.2.55	
Shushan_Eduth_Psa.60.1	
Sikkuth_Amo.5.26	
Sivan_Est.8.9	
Stoic_Act.17.18	
Sucathite_1Ch.2.55	
Succoth-benoth_2Ki.17.30	
Tammuz_Ezk.8.14	
Tarpelite_Ezr.4.9	
Tartak_2Ki.17.31	
Tebeth_Est.2.16	
Teraphim_Gen.31.19	
Thummim_Exo.28.30	
Tirathite_1Ch.2.55	
Urim_Exo.28.30	
Weeks_Exo.34.22	
Zealot_Mat.10.4	
Zeus_Act.14.12	
Ziv_1Ki.6.1	
